user_id,ticker,event_type,interaction_weight,timestamp
U00001,FAS029,buy,4.0,2022-03-27
U00001,FAS043,watchlist,2.0,2022-03-30
U00001,FAS060,buy,4.0,2022-06-21
U00001,FAS015,buy,4.0,2022-07-20
U00001,FAS048,view,1.0,2022-08-06
U00001,FAS032,buy,4.0,2022-09-09
U00001,FAS026,watchlist,2.0,2023-01-15
U00001,FAS040,view,1.0,2023-04-08
U00001,FAS008,view,1.0,2023-05-30
U00001,FAS020,watchlist,2.0,2023-09-09
U00001,FAS016,buy,4.0,2024-02-25
U00001,FAS003,view,1.0,2024-03-08
U00001,FAS049,watchlist,2.0,2024-04-17
U00001,FAS051,view,1.0,2024-05-17
U00001,FAS044,view,1.0,2024-06-04
U00001,FAS002,view,1.0,2024-07-01
U00002,FAS008,view,1.0,2022-07-08
U00002,FAS051,watchlist,2.0,2023-01-12
U00002,FAS045,watchlist,2.0,2023-05-10
U00002,FAS060,view,1.0,2023-05-28
U00002,FAS031,buy,4.0,2023-10-31
U00002,FAS011,watchlist,2.0,2023-11-23
U00002,FAS043,buy,4.0,2023-12-30
U00002,FAS003,view,1.0,2024-05-12
U00002,FAS013,watchlist,2.0,2024-06-11
U00002,FAS042,view,1.0,2024-07-08
U00003,FAS004,watchlist,2.0,2022-01-20
U00003,FAS045,view,1.0,2022-05-06
U00003,FAS048,view,1.0,2022-05-13
U00003,FAS015,view,1.0,2022-08-05
U00003,FAS016,view,1.0,2022-08-26
U00003,FAS001,watchlist,2.0,2022-10-12
U00003,FAS049,watchlist,2.0,2022-11-05
U00003,FAS024,buy,4.0,2022-12-02
U00003,FAS023,view,1.0,2023-09-30
U00003,FAS020,view,1.0,2023-11-02
U00003,FAS042,watchlist,2.0,2023-11-18
U00003,FAS007,view,1.0,2024-04-06
U00004,FAS015,watchlist,2.0,2022-03-11
U00004,FAS016,watchlist,2.0,2022-08-12
U00004,FAS033,buy,4.0,2023-02-25
U00004,FAS050,view,1.0,2023-03-14
U00004,FAS027,watchlist,2.0,2023-06-04
U00004,FAS020,watchlist,2.0,2023-09-21
U00004,FAS028,view,1.0,2024-03-19
U00005,FAS031,view,1.0,2022-02-19
U00005,FAS054,buy,4.0,2022-03-09
U00005,FAS036,buy,4.0,2022-04-11
U00005,FAS001,view,1.0,2022-06-12
U00005,FAS048,watchlist,2.0,2022-08-04
U00005,FAS023,view,1.0,2022-08-07
U00005,FAS045,buy,4.0,2022-08-20
U00005,FAS059,buy,4.0,2022-09-02
U00005,FAS032,watchlist,2.0,2022-09-23
U00005,FAS002,view,1.0,2022-11-30
U00005,FAS050,buy,4.0,2023-02-05
U00005,FAS038,view,1.0,2023-04-04
U00005,FAS039,view,1.0,2023-06-30
U00005,FAS018,buy,4.0,2024-01-19
U00005,FAS033,buy,4.0,2024-06-07
U00006,FAS012,view,1.0,2022-04-05
U00006,FAS023,view,1.0,2022-07-07
U00006,FAS031,watchlist,2.0,2022-07-26
U00006,FAS041,watchlist,2.0,2022-08-02
U00006,FAS043,buy,4.0,2022-10-02
U00006,FAS007,view,1.0,2022-11-05
U00006,FAS009,view,1.0,2023-09-06
U00006,FAS056,watchlist,2.0,2023-10-18
U00007,FAS022,watchlist,2.0,2022-01-08
U00007,FAS044,view,1.0,2022-05-16
U00007,FAS046,buy,4.0,2022-08-11
U00007,FAS015,watchlist,2.0,2022-09-24
U00007,FAS058,watchlist,2.0,2022-11-26
U00007,FAS033,view,1.0,2022-11-27
U00007,FAS052,watchlist,2.0,2022-12-05
U00007,FAS012,buy,4.0,2023-02-05
U00007,FAS026,watchlist,2.0,2023-02-06
U00007,FAS036,view,1.0,2023-06-25
U00007,FAS054,view,1.0,2024-01-31
U00007,FAS002,watchlist,2.0,2024-02-16
U00007,FAS001,view,1.0,2024-06-04
U00007,FAS009,watchlist,2.0,2024-09-10
U00007,FAS042,watchlist,2.0,2024-11-05
U00008,FAS007,buy,4.0,2022-07-08
U00008,FAS010,view,1.0,2022-10-24
U00008,FAS046,watchlist,2.0,2023-07-21
U00008,FAS049,view,1.0,2023-07-26
U00008,FAS024,watchlist,2.0,2023-08-28
U00008,FAS045,watchlist,2.0,2023-09-03
U00008,FAS048,view,1.0,2023-10-15
U00008,FAS006,watchlist,2.0,2024-03-05
U00008,FAS020,view,1.0,2024-04-07
U00008,FAS043,view,1.0,2024-04-08
U00008,FAS035,watchlist,2.0,2024-04-13
U00008,FAS052,view,1.0,2024-05-07
U00009,FAS006,watchlist,2.0,2023-02-24
U00009,FAS042,view,1.0,2023-05-27
U00009,FAS031,buy,4.0,2023-07-10
U00009,FAS026,view,1.0,2023-07-23
U00009,FAS035,view,1.0,2023-07-26
U00009,FAS002,view,1.0,2023-12-26
U00009,FAS028,watchlist,2.0,2024-01-12
U00009,FAS060,view,1.0,2024-02-06
U00010,FAS012,buy,4.0,2022-01-17
U00010,FAS015,view,1.0,2022-01-23
U00010,FAS026,watchlist,2.0,2022-05-29
U00010,FAS029,view,1.0,2022-12-13
U00010,FAS028,view,1.0,2023-01-11
U00010,FAS049,watchlist,2.0,2023-04-14
U00010,FAS005,watchlist,2.0,2023-06-30
U00010,FAS054,watchlist,2.0,2023-07-04
U00010,FAS027,watchlist,2.0,2023-07-22
U00010,FAS004,view,1.0,2023-08-12
U00010,FAS007,buy,4.0,2023-08-26
U00010,FAS035,watchlist,2.0,2023-10-09
U00010,FAS010,view,1.0,2023-12-08
U00010,FAS001,buy,4.0,2024-02-29
U00010,FAS055,view,1.0,2024-04-15
U00010,FAS030,buy,4.0,2024-06-10
U00011,FAS057,view,1.0,2022-02-05
U00011,FAS048,view,1.0,2022-02-20
U00011,FAS018,view,1.0,2022-07-09
U00011,FAS053,buy,4.0,2022-10-18
U00011,FAS033,view,1.0,2022-11-18
U00011,FAS005,view,1.0,2023-01-05
U00011,FAS024,view,1.0,2023-02-19
U00011,FAS022,view,1.0,2023-05-25
U00011,FAS039,buy,4.0,2023-07-14
U00011,FAS051,view,1.0,2023-07-24
U00011,FAS035,view,1.0,2024-01-05
U00011,FAS007,buy,4.0,2024-01-26
U00011,FAS001,watchlist,2.0,2024-03-18
U00012,FAS012,view,1.0,2022-01-01
U00012,FAS035,view,1.0,2022-03-05
U00012,FAS037,buy,4.0,2022-04-21
U00012,FAS025,buy,4.0,2022-05-03
U00012,FAS051,watchlist,2.0,2022-05-09
U00012,FAS036,watchlist,2.0,2022-05-11
U00012,FAS048,view,1.0,2022-10-29
U00012,FAS019,view,1.0,2023-04-24
U00012,FAS046,watchlist,2.0,2023-05-05
U00012,FAS030,watchlist,2.0,2023-11-18
U00012,FAS045,watchlist,2.0,2023-11-26
U00012,FAS015,view,1.0,2024-03-04
U00012,FAS040,view,1.0,2024-09-30
U00013,FAS038,buy,4.0,2022-07-19
U00013,FAS033,view,1.0,2023-05-21
U00013,FAS060,view,1.0,2023-06-25
U00013,FAS046,watchlist,2.0,2024-01-13
U00013,FAS057,watchlist,2.0,2024-04-28
U00013,FAS024,view,1.0,2024-05-16
U00013,FAS008,view,1.0,2024-07-12
U00014,FAS005,watchlist,2.0,2022-01-29
U00014,FAS021,watchlist,2.0,2022-06-06
U00014,FAS060,view,1.0,2022-07-02
U00014,FAS013,buy,4.0,2022-08-01
U00014,FAS009,view,1.0,2022-10-14
U00014,FAS057,watchlist,2.0,2022-10-28
U00014,FAS018,watchlist,2.0,2023-05-16
U00014,FAS059,buy,4.0,2023-11-04
U00014,FAS043,view,1.0,2024-03-24
U00014,FAS039,view,1.0,2024-03-30
U00014,FAS042,watchlist,2.0,2024-04-15
U00014,FAS004,view,1.0,2024-07-10
U00014,FAS015,buy,4.0,2024-09-15
U00015,FAS043,view,1.0,2022-01-30
U00015,FAS028,watchlist,2.0,2023-03-28
U00015,FAS049,view,1.0,2023-06-11
U00015,FAS015,watchlist,2.0,2023-11-05
U00015,FAS008,view,1.0,2023-11-06
U00015,FAS003,view,1.0,2023-12-11
U00015,FAS045,buy,4.0,2023-12-22
U00015,FAS059,watchlist,2.0,2024-01-31
U00015,FAS021,view,1.0,2024-04-09
U00015,FAS057,view,1.0,2024-04-22
U00015,FAS026,watchlist,2.0,2024-06-05
U00015,FAS030,buy,4.0,2024-07-08
U00015,FAS036,watchlist,2.0,2024-07-23
U00015,FAS007,view,1.0,2024-09-30
U00016,FAS008,view,1.0,2022-07-15
U00016,FAS024,view,1.0,2022-10-03
U00016,FAS060,buy,4.0,2023-01-22
U00016,FAS033,buy,4.0,2024-01-24
U00016,FAS029,buy,4.0,2024-02-24
U00016,FAS058,buy,4.0,2024-05-27
U00016,FAS043,view,1.0,2024-07-07
U00017,FAS009,view,1.0,2022-06-22
U00017,FAS056,view,1.0,2023-02-11
U00017,FAS052,watchlist,2.0,2023-11-24
U00017,FAS037,watchlist,2.0,2024-01-07
U00017,FAS032,watchlist,2.0,2024-01-26
U00017,FAS010,watchlist,2.0,2024-03-04
U00018,FAS041,view,1.0,2022-10-12
U00018,FAS001,view,1.0,2022-12-03
U00018,FAS017,view,1.0,2023-06-03
U00018,FAS039,watchlist,2.0,2023-06-09
U00018,FAS023,view,1.0,2023-10-21
U00018,FAS058,view,1.0,2024-02-18
U00019,FAS031,watchlist,2.0,2022-06-02
U00019,FAS049,buy,4.0,2022-08-18
U00019,FAS007,view,1.0,2022-12-07
U00019,FAS003,view,1.0,2023-03-18
U00019,FAS015,view,1.0,2023-07-20
U00019,FAS047,buy,4.0,2023-11-21
U00019,FAS026,view,1.0,2024-04-29
U00019,FAS044,buy,4.0,2024-07-11
U00019,FAS055,view,1.0,2024-09-07
U00019,FAS035,view,1.0,2024-09-21
U00019,FAS048,buy,4.0,2024-09-25
U00020,FAS047,watchlist,2.0,2022-04-21
U00020,FAS054,buy,4.0,2022-05-07
U00020,FAS056,watchlist,2.0,2022-05-13
U00020,FAS003,watchlist,2.0,2023-04-08
U00020,FAS001,view,1.0,2023-08-10
U00020,FAS004,view,1.0,2023-08-22
U00020,FAS016,buy,4.0,2023-09-24
U00020,FAS007,view,1.0,2023-12-20
U00020,FAS021,buy,4.0,2024-01-14
U00020,FAS053,buy,4.0,2024-03-09
U00021,FAS012,view,1.0,2022-05-28
U00021,FAS024,watchlist,2.0,2022-07-13
U00021,FAS020,watchlist,2.0,2022-12-13
U00021,FAS008,view,1.0,2023-05-06
U00021,FAS013,buy,4.0,2023-07-24
U00021,FAS049,view,1.0,2023-10-20
U00021,FAS026,view,1.0,2024-06-27
U00021,FAS010,buy,4.0,2024-10-06
U00022,FAS034,view,1.0,2022-01-09
U00022,FAS057,watchlist,2.0,2022-02-01
U00022,FAS056,view,1.0,2022-03-03
U00022,FAS005,view,1.0,2022-05-17
U00022,FAS029,buy,4.0,2022-07-10
U00022,FAS049,watchlist,2.0,2022-12-06
U00022,FAS021,view,1.0,2023-02-01
U00022,FAS052,view,1.0,2023-06-23
U00022,FAS033,buy,4.0,2023-07-08
U00022,FAS027,buy,4.0,2023-08-23
U00022,FAS019,view,1.0,2023-11-29
U00022,FAS006,buy,4.0,2023-12-19
U00022,FAS020,view,1.0,2024-01-04
U00022,FAS007,buy,4.0,2024-03-02
U00022,FAS059,view,1.0,2024-04-22
U00022,FAS014,watchlist,2.0,2024-10-26
U00023,FAS012,watchlist,2.0,2022-06-18
U00023,FAS003,watchlist,2.0,2022-06-19
U00023,FAS048,watchlist,2.0,2022-06-23
U00023,FAS034,view,1.0,2022-06-30
U00023,FAS047,view,1.0,2022-09-19
U00023,FAS035,watchlist,2.0,2022-11-18
U00023,FAS008,watchlist,2.0,2022-12-03
U00023,FAS009,watchlist,2.0,2023-03-21
U00023,FAS049,watchlist,2.0,2023-07-12
U00023,FAS050,watchlist,2.0,2023-07-27
U00023,FAS043,buy,4.0,2023-10-05
U00023,FAS010,watchlist,2.0,2024-12-04
U00023,FAS001,view,1.0,2024-12-10
U00024,FAS049,buy,4.0,2022-06-05
U00024,FAS018,view,1.0,2022-08-09
U00024,FAS058,buy,4.0,2022-08-29
U00024,FAS032,watchlist,2.0,2022-10-09
U00024,FAS046,buy,4.0,2022-11-18
U00024,FAS052,view,1.0,2022-11-26
U00024,FAS029,view,1.0,2022-11-30
U00024,FAS025,watchlist,2.0,2022-12-05
U00024,FAS056,view,1.0,2023-05-02
U00024,FAS027,buy,4.0,2023-07-09
U00024,FAS047,view,1.0,2023-08-22
U00024,FAS033,buy,4.0,2023-12-25
U00024,FAS039,watchlist,2.0,2024-05-20
U00025,FAS049,watchlist,2.0,2022-05-14
U00025,FAS012,view,1.0,2022-05-16
U00025,FAS060,view,1.0,2022-05-26
U00025,FAS036,buy,4.0,2023-06-26
U00025,FAS001,watchlist,2.0,2023-06-28
U00025,FAS009,view,1.0,2023-08-03
U00025,FAS021,view,1.0,2023-08-19
U00025,FAS015,watchlist,2.0,2023-10-22
U00025,FAS004,watchlist,2.0,2024-01-21
U00025,FAS037,view,1.0,2024-04-08
U00025,FAS006,watchlist,2.0,2024-05-23
U00025,FAS014,watchlist,2.0,2024-06-27
U00025,FAS043,view,1.0,2024-11-08
U00026,FAS023,buy,4.0,2022-02-12
U00026,FAS038,view,1.0,2022-03-31
U00026,FAS025,watchlist,2.0,2022-05-27
U00026,FAS019,watchlist,2.0,2022-07-25
U00026,FAS052,view,1.0,2022-08-28
U00026,FAS058,view,1.0,2022-11-08
U00026,FAS039,view,1.0,2023-05-30
U00026,FAS004,watchlist,2.0,2023-08-15
U00026,FAS016,watchlist,2.0,2023-08-22
U00026,FAS009,buy,4.0,2023-09-09
U00026,FAS050,watchlist,2.0,2024-01-21
U00026,FAS027,buy,4.0,2024-02-11
U00027,FAS055,view,1.0,2022-03-08
U00027,FAS048,view,1.0,2022-03-14
U00027,FAS013,buy,4.0,2022-03-21
U00027,FAS052,view,1.0,2022-03-22
U00027,FAS046,watchlist,2.0,2022-06-01
U00027,FAS026,view,1.0,2022-08-25
U00027,FAS017,view,1.0,2022-10-26
U00027,FAS008,view,1.0,2022-10-26
U00027,FAS037,view,1.0,2022-12-25
U00027,FAS004,buy,4.0,2023-03-27
U00027,FAS024,view,1.0,2023-04-19
U00027,FAS025,buy,4.0,2023-05-12
U00027,FAS043,watchlist,2.0,2023-07-10
U00027,FAS003,watchlist,2.0,2023-11-16
U00027,FAS058,view,1.0,2024-03-09
U00027,FAS045,view,1.0,2024-04-03
U00028,FAS036,view,1.0,2022-06-23
U00028,FAS050,buy,4.0,2022-08-20
U00028,FAS032,view,1.0,2023-01-26
U00028,FAS035,watchlist,2.0,2023-05-02
U00028,FAS044,view,1.0,2023-05-09
U00028,FAS037,buy,4.0,2024-01-31
U00028,FAS005,view,1.0,2024-02-07
U00028,FAS051,view,1.0,2024-08-11
U00028,FAS009,watchlist,2.0,2024-09-20
U00029,FAS048,watchlist,2.0,2022-01-20
U00029,FAS043,view,1.0,2022-04-20
U00029,FAS004,view,1.0,2022-05-03
U00029,FAS057,watchlist,2.0,2022-07-18
U00029,FAS046,watchlist,2.0,2022-12-18
U00029,FAS005,buy,4.0,2023-06-06
U00029,FAS041,view,1.0,2023-09-07
U00029,FAS011,watchlist,2.0,2024-03-24
U00030,FAS058,buy,4.0,2022-05-03
U00030,FAS023,view,1.0,2022-05-31
U00030,FAS049,buy,4.0,2022-06-01
U00030,FAS036,view,1.0,2022-12-01
U00030,FAS057,view,1.0,2022-12-20
U00030,FAS003,view,1.0,2022-12-26
U00030,FAS027,view,1.0,2023-01-14
U00030,FAS041,watchlist,2.0,2023-03-12
U00030,FAS039,watchlist,2.0,2023-10-19
U00030,FAS022,buy,4.0,2023-11-20
U00030,FAS011,buy,4.0,2024-04-13
U00031,FAS043,watchlist,2.0,2022-06-09
U00031,FAS056,view,1.0,2022-08-08
U00031,FAS047,buy,4.0,2022-08-23
U00031,FAS034,buy,4.0,2022-11-04
U00031,FAS039,view,1.0,2023-06-06
U00031,FAS014,watchlist,2.0,2023-09-17
U00031,FAS021,watchlist,2.0,2023-12-02
U00031,FAS018,watchlist,2.0,2023-12-29
U00031,FAS009,view,1.0,2024-01-26
U00031,FAS049,view,1.0,2024-02-08
U00031,FAS057,watchlist,2.0,2024-03-08
U00031,FAS026,watchlist,2.0,2024-03-24
U00031,FAS046,buy,4.0,2024-05-09
U00031,FAS037,view,1.0,2024-05-21
U00031,FAS012,watchlist,2.0,2024-05-26
U00031,FAS022,view,1.0,2024-08-19
U00032,FAS014,view,1.0,2022-08-08
U00032,FAS058,view,1.0,2022-11-17
U00032,FAS050,watchlist,2.0,2022-12-22
U00032,FAS041,watchlist,2.0,2023-05-31
U00032,FAS053,view,1.0,2023-07-26
U00032,FAS023,buy,4.0,2023-11-24
U00032,FAS005,buy,4.0,2024-01-26
U00032,FAS054,watchlist,2.0,2024-03-01
U00032,FAS021,watchlist,2.0,2024-06-09
U00032,FAS034,watchlist,2.0,2024-06-30
U00032,FAS032,view,1.0,2024-08-07
U00033,FAS039,buy,4.0,2022-01-22
U00033,FAS041,view,1.0,2022-02-14
U00033,FAS052,watchlist,2.0,2022-02-23
U00033,FAS032,view,1.0,2022-03-19
U00033,FAS023,view,1.0,2022-03-24
U00033,FAS042,view,1.0,2022-06-30
U00033,FAS058,buy,4.0,2023-01-07
U00033,FAS031,view,1.0,2023-04-23
U00033,FAS033,buy,4.0,2023-07-02
U00033,FAS025,watchlist,2.0,2023-07-21
U00033,FAS026,view,1.0,2024-02-21
U00033,FAS027,view,1.0,2024-04-09
U00033,FAS018,watchlist,2.0,2024-04-13
U00033,FAS028,watchlist,2.0,2024-05-19
U00033,FAS034,view,1.0,2024-05-21
U00033,FAS009,view,1.0,2024-07-08
U00034,FAS053,view,1.0,2022-09-26
U00034,FAS009,watchlist,2.0,2022-09-26
U00034,FAS015,watchlist,2.0,2022-11-23
U00034,FAS002,view,1.0,2022-12-27
U00034,FAS046,watchlist,2.0,2023-03-08
U00034,FAS019,watchlist,2.0,2023-04-16
U00034,FAS039,watchlist,2.0,2023-12-24
U00034,FAS037,buy,4.0,2024-02-01
U00035,FAS046,watchlist,2.0,2022-04-02
U00035,FAS022,buy,4.0,2022-05-21
U00035,FAS007,buy,4.0,2022-05-27
U00035,FAS033,buy,4.0,2022-06-17
U00035,FAS009,view,1.0,2022-08-19
U00035,FAS021,watchlist,2.0,2023-06-26
U00035,FAS031,watchlist,2.0,2023-07-06
U00035,FAS057,watchlist,2.0,2023-10-05
U00035,FAS017,buy,4.0,2024-02-07
U00035,FAS036,buy,4.0,2024-07-15
U00036,FAS055,watchlist,2.0,2022-03-08
U00036,FAS043,buy,4.0,2022-06-02
U00036,FAS040,watchlist,2.0,2022-07-29
U00036,FAS041,view,1.0,2022-10-17
U00036,FAS029,view,1.0,2022-11-11
U00036,FAS013,view,1.0,2022-12-14
U00036,FAS045,view,1.0,2023-07-16
U00036,FAS033,buy,4.0,2023-09-01
U00036,FAS035,watchlist,2.0,2023-10-14
U00036,FAS036,watchlist,2.0,2023-11-17
U00036,FAS028,watchlist,2.0,2024-02-03
U00036,FAS004,view,1.0,2024-02-07
U00036,FAS054,view,1.0,2024-05-12
U00036,FAS023,view,1.0,2024-06-09
U00036,FAS059,watchlist,2.0,2024-09-02
U00037,FAS006,buy,4.0,2022-01-07
U00037,FAS037,view,1.0,2022-05-06
U00037,FAS051,watchlist,2.0,2022-09-28
U00037,FAS019,watchlist,2.0,2023-04-28
U00037,FAS009,watchlist,2.0,2023-07-07
U00037,FAS045,view,1.0,2023-07-11
U00037,FAS017,watchlist,2.0,2023-07-18
U00037,FAS049,watchlist,2.0,2023-08-23
U00038,FAS051,watchlist,2.0,2022-04-23
U00038,FAS020,view,1.0,2022-06-27
U00038,FAS055,watchlist,2.0,2023-01-23
U00038,FAS017,view,1.0,2023-01-31
U00038,FAS029,view,1.0,2023-04-23
U00038,FAS030,view,1.0,2023-06-14
U00038,FAS025,view,1.0,2023-07-13
U00038,FAS026,view,1.0,2023-10-11
U00039,FAS012,view,1.0,2022-01-13
U00039,FAS035,watchlist,2.0,2022-08-30
U00039,FAS039,view,1.0,2022-10-09
U00039,FAS044,view,1.0,2023-01-17
U00039,FAS019,buy,4.0,2023-05-25
U00039,FAS025,watchlist,2.0,2023-08-14
U00039,FAS009,buy,4.0,2023-11-24
U00039,FAS014,view,1.0,2024-08-05
U00039,FAS018,view,1.0,2024-10-09
U00040,FAS009,view,1.0,2022-05-13
U00040,FAS024,view,1.0,2023-04-23
U00040,FAS001,view,1.0,2023-05-03
U00040,FAS033,view,1.0,2023-05-21
U00040,FAS029,view,1.0,2023-09-22
U00040,FAS026,buy,4.0,2024-02-25
U00040,FAS014,buy,4.0,2024-03-29
U00040,FAS047,watchlist,2.0,2024-04-05
U00040,FAS011,view,1.0,2024-05-08
U00040,FAS031,view,1.0,2024-06-20
U00041,FAS059,watchlist,2.0,2022-01-08
U00041,FAS019,view,1.0,2022-02-05
U00041,FAS045,watchlist,2.0,2022-04-10
U00041,FAS012,view,1.0,2022-04-26
U00041,FAS008,watchlist,2.0,2022-05-26
U00041,FAS014,view,1.0,2022-08-13
U00041,FAS044,watchlist,2.0,2022-09-01
U00041,FAS020,watchlist,2.0,2023-01-23
U00041,FAS050,view,1.0,2023-02-24
U00041,FAS004,watchlist,2.0,2023-06-29
U00041,FAS060,buy,4.0,2023-12-19
U00041,FAS047,view,1.0,2024-01-03
U00041,FAS034,buy,4.0,2024-01-18
U00042,FAS033,buy,4.0,2022-03-13
U00042,FAS016,view,1.0,2022-08-15
U00042,FAS003,watchlist,2.0,2022-08-26
U00042,FAS041,watchlist,2.0,2022-10-14
U00042,FAS022,view,1.0,2022-11-17
U00042,FAS054,view,1.0,2023-01-06
U00042,FAS029,watchlist,2.0,2023-01-26
U00042,FAS053,view,1.0,2023-10-07
U00043,FAS041,watchlist,2.0,2022-05-11
U00043,FAS019,watchlist,2.0,2022-06-01
U00043,FAS054,buy,4.0,2022-06-03
U00043,FAS015,buy,4.0,2023-03-20
U00043,FAS039,buy,4.0,2023-07-12
U00043,FAS020,buy,4.0,2023-11-20
U00043,FAS049,view,1.0,2023-12-21
U00043,FAS022,buy,4.0,2023-12-25
U00043,FAS040,buy,4.0,2024-06-01
U00043,FAS032,buy,4.0,2024-07-13
U00043,FAS060,view,1.0,2024-08-05
U00043,FAS012,watchlist,2.0,2024-10-13
U00044,FAS025,view,1.0,2022-03-08
U00044,FAS033,view,1.0,2022-03-24
U00044,FAS012,buy,4.0,2023-01-23
U00044,FAS046,watchlist,2.0,2023-02-04
U00044,FAS039,view,1.0,2023-11-03
U00044,FAS009,view,1.0,2023-12-08
U00044,FAS052,buy,4.0,2024-01-11
U00044,FAS042,watchlist,2.0,2024-04-05
U00045,FAS024,view,1.0,2022-03-01
U00045,FAS038,watchlist,2.0,2022-08-10
U00045,FAS009,watchlist,2.0,2022-09-19
U00045,FAS045,watchlist,2.0,2022-11-07
U00045,FAS050,watchlist,2.0,2022-11-28
U00045,FAS012,watchlist,2.0,2023-06-03
U00045,FAS032,watchlist,2.0,2023-06-09
U00045,FAS057,watchlist,2.0,2023-09-23
U00045,FAS031,view,1.0,2024-02-20
U00045,FAS049,watchlist,2.0,2024-03-18
U00045,FAS020,watchlist,2.0,2024-04-13
U00046,FAS005,buy,4.0,2022-06-22
U00046,FAS022,buy,4.0,2022-06-27
U00046,FAS060,view,1.0,2022-12-12
U00046,FAS011,watchlist,2.0,2023-03-23
U00046,FAS029,view,1.0,2023-04-21
U00046,FAS009,watchlist,2.0,2023-05-30
U00046,FAS033,watchlist,2.0,2023-07-16
U00046,FAS057,view,1.0,2023-08-22
U00046,FAS056,watchlist,2.0,2023-12-29
U00046,FAS004,view,1.0,2024-01-03
U00046,FAS051,buy,4.0,2024-01-26
U00046,FAS021,watchlist,2.0,2024-03-02
U00046,FAS024,buy,4.0,2024-03-20
U00046,FAS059,view,1.0,2024-05-01
U00046,FAS054,buy,4.0,2024-05-06
U00046,FAS026,view,1.0,2024-05-20
U00047,FAS001,watchlist,2.0,2022-10-17
U00047,FAS002,watchlist,2.0,2022-11-23
U00047,FAS051,view,1.0,2022-11-29
U00047,FAS035,view,1.0,2022-12-25
U00047,FAS047,watchlist,2.0,2023-02-13
U00047,FAS045,buy,4.0,2023-02-19
U00047,FAS033,view,1.0,2023-03-01
U00047,FAS019,view,1.0,2023-04-29
U00047,FAS010,view,1.0,2023-05-14
U00047,FAS026,buy,4.0,2023-05-24
U00047,FAS039,buy,4.0,2023-07-29
U00047,FAS009,buy,4.0,2023-08-22
U00047,FAS036,buy,4.0,2023-09-21
U00047,FAS055,view,1.0,2023-12-13
U00047,FAS025,watchlist,2.0,2023-12-22
U00047,FAS022,view,1.0,2024-02-29
U00048,FAS036,watchlist,2.0,2022-06-12
U00048,FAS012,buy,4.0,2022-06-18
U00048,FAS051,buy,4.0,2022-08-26
U00048,FAS022,view,1.0,2023-04-01
U00048,FAS039,buy,4.0,2023-06-01
U00048,FAS017,watchlist,2.0,2023-06-22
U00048,FAS008,view,1.0,2023-10-12
U00048,FAS048,watchlist,2.0,2023-10-31
U00048,FAS044,watchlist,2.0,2023-12-19
U00048,FAS055,view,1.0,2024-02-23
U00048,FAS014,buy,4.0,2024-03-06
U00048,FAS006,view,1.0,2024-06-19
U00048,FAS038,buy,4.0,2024-07-29
U00048,FAS033,watchlist,2.0,2024-10-29
U00049,FAS023,view,1.0,2022-08-03
U00049,FAS057,buy,4.0,2022-09-21
U00049,FAS050,watchlist,2.0,2022-11-08
U00049,FAS009,buy,4.0,2022-12-24
U00049,FAS007,watchlist,2.0,2023-01-16
U00049,FAS041,buy,4.0,2023-04-01
U00049,FAS032,buy,4.0,2023-09-18
U00049,FAS016,watchlist,2.0,2023-10-03
U00049,FAS010,watchlist,2.0,2024-03-31
U00049,FAS038,view,1.0,2024-04-27
U00049,FAS022,view,1.0,2024-08-31
U00049,FAS060,buy,4.0,2024-10-08
U00049,FAS017,buy,4.0,2024-10-24
U00050,FAS023,buy,4.0,2022-02-04
U00050,FAS053,watchlist,2.0,2022-03-12
U00050,FAS009,view,1.0,2022-06-11
U00050,FAS020,buy,4.0,2022-08-16
U00050,FAS026,view,1.0,2022-08-22
U00050,FAS044,view,1.0,2022-10-06
U00050,FAS017,view,1.0,2022-12-05
U00050,FAS054,buy,4.0,2023-02-04
U00050,FAS041,buy,4.0,2023-03-09
U00050,FAS037,view,1.0,2023-04-14
U00050,FAS040,watchlist,2.0,2023-04-29
U00050,FAS035,watchlist,2.0,2023-06-19
U00050,FAS039,buy,4.0,2023-07-17
U00050,FAS008,watchlist,2.0,2023-07-22
U00050,FAS018,view,1.0,2023-11-29
U00050,FAS015,watchlist,2.0,2024-02-03
U00051,FAS041,view,1.0,2022-02-12
U00051,FAS039,view,1.0,2022-07-05
U00051,FAS018,watchlist,2.0,2022-09-15
U00051,FAS049,buy,4.0,2023-09-04
U00051,FAS052,watchlist,2.0,2023-11-04
U00051,FAS010,watchlist,2.0,2024-03-27
U00051,FAS029,view,1.0,2024-04-17
U00051,FAS058,buy,4.0,2024-04-22
U00051,FAS009,buy,4.0,2024-05-13
U00052,FAS041,watchlist,2.0,2022-01-08
U00052,FAS038,watchlist,2.0,2022-04-10
U00052,FAS058,view,1.0,2022-05-18
U00052,FAS056,watchlist,2.0,2022-09-11
U00052,FAS059,view,1.0,2022-10-17
U00052,FAS004,buy,4.0,2022-12-12
U00052,FAS032,watchlist,2.0,2023-03-19
U00052,FAS048,view,1.0,2023-04-17
U00052,FAS025,buy,4.0,2023-06-21
U00052,FAS006,view,1.0,2023-11-03
U00053,FAS006,watchlist,2.0,2022-03-29
U00053,FAS035,view,1.0,2022-04-29
U00053,FAS046,buy,4.0,2022-05-15
U00053,FAS044,buy,4.0,2022-09-28
U00053,FAS054,watchlist,2.0,2022-11-10
U00053,FAS049,watchlist,2.0,2022-11-30
U00053,FAS029,view,1.0,2023-02-13
U00053,FAS034,watchlist,2.0,2023-12-25
U00053,FAS050,watchlist,2.0,2023-12-25
U00053,FAS012,view,1.0,2024-03-26
U00053,FAS024,buy,4.0,2024-04-01
U00054,FAS052,view,1.0,2022-05-11
U00054,FAS020,watchlist,2.0,2022-05-29
U00054,FAS030,watchlist,2.0,2022-09-09
U00054,FAS037,view,1.0,2022-10-19
U00054,FAS003,buy,4.0,2023-01-26
U00054,FAS044,watchlist,2.0,2023-09-16
U00054,FAS053,watchlist,2.0,2023-09-29
U00054,FAS048,view,1.0,2024-01-02
U00054,FAS001,view,1.0,2024-03-23
U00054,FAS023,view,1.0,2024-04-09
U00054,FAS057,watchlist,2.0,2024-05-21
U00055,FAS026,view,1.0,2022-04-28
U00055,FAS038,watchlist,2.0,2022-07-24
U00055,FAS057,view,1.0,2022-08-13
U00055,FAS043,view,1.0,2022-11-14
U00055,FAS055,buy,4.0,2023-01-14
U00055,FAS003,view,1.0,2024-02-22
U00055,FAS008,watchlist,2.0,2024-05-24
U00055,FAS014,watchlist,2.0,2024-06-17
U00056,FAS045,view,1.0,2022-01-23
U00056,FAS002,watchlist,2.0,2022-02-14
U00056,FAS028,buy,4.0,2022-03-06
U00056,FAS049,view,1.0,2022-04-16
U00056,FAS027,buy,4.0,2022-08-26
U00056,FAS004,buy,4.0,2022-09-04
U00056,FAS015,buy,4.0,2023-03-02
U00056,FAS057,view,1.0,2023-05-16
U00056,FAS003,view,1.0,2023-06-19
U00056,FAS044,watchlist,2.0,2023-11-16
U00056,FAS039,buy,4.0,2024-01-07
U00056,FAS022,watchlist,2.0,2024-05-04
U00056,FAS029,view,1.0,2024-05-17
U00056,FAS050,view,1.0,2024-06-29
U00056,FAS011,buy,4.0,2024-08-13
U00056,FAS006,view,1.0,2024-08-31
U00057,FAS046,buy,4.0,2022-07-04
U00057,FAS044,view,1.0,2022-07-24
U00057,FAS010,watchlist,2.0,2022-10-11
U00057,FAS019,view,1.0,2023-03-22
U00057,FAS045,view,1.0,2023-03-29
U00057,FAS025,watchlist,2.0,2023-04-01
U00058,FAS013,buy,4.0,2022-10-02
U00058,FAS034,view,1.0,2023-01-04
U00058,FAS037,buy,4.0,2023-02-06
U00058,FAS054,buy,4.0,2023-04-07
U00058,FAS001,buy,4.0,2023-07-18
U00058,FAS042,buy,4.0,2023-09-30
U00058,FAS057,watchlist,2.0,2023-10-01
U00058,FAS059,watchlist,2.0,2023-11-13
U00058,FAS003,buy,4.0,2023-12-16
U00058,FAS009,watchlist,2.0,2023-12-19
U00058,FAS048,view,1.0,2024-01-11
U00058,FAS029,view,1.0,2024-06-24
U00058,FAS045,buy,4.0,2024-09-06
U00059,FAS042,view,1.0,2022-06-20
U00059,FAS006,view,1.0,2022-07-22
U00059,FAS001,buy,4.0,2022-08-24
U00059,FAS018,view,1.0,2022-10-06
U00059,FAS046,view,1.0,2022-11-30
U00059,FAS057,view,1.0,2023-06-23
U00060,FAS019,view,1.0,2022-01-07
U00060,FAS014,view,1.0,2022-12-07
U00060,FAS044,view,1.0,2023-06-22
U00060,FAS010,view,1.0,2023-10-18
U00060,FAS030,watchlist,2.0,2023-12-05
U00060,FAS028,watchlist,2.0,2024-01-27
U00060,FAS013,buy,4.0,2024-06-05
U00061,FAS018,watchlist,2.0,2022-01-17
U00061,FAS030,view,1.0,2022-02-20
U00061,FAS028,view,1.0,2022-04-02
U00061,FAS009,view,1.0,2022-05-31
U00061,FAS060,buy,4.0,2022-06-08
U00061,FAS006,watchlist,2.0,2022-12-17
U00061,FAS059,view,1.0,2023-06-29
U00061,FAS047,buy,4.0,2023-08-25
U00061,FAS044,view,1.0,2023-12-18
U00061,FAS058,buy,4.0,2024-01-18
U00061,FAS001,watchlist,2.0,2024-05-18
U00061,FAS042,view,1.0,2024-06-23
U00062,FAS035,buy,4.0,2022-03-14
U00062,FAS018,watchlist,2.0,2022-03-23
U00062,FAS039,view,1.0,2022-04-08
U00062,FAS037,buy,4.0,2022-05-02
U00062,FAS010,view,1.0,2022-08-06
U00062,FAS021,buy,4.0,2023-02-16
U00062,FAS002,view,1.0,2023-09-10
U00062,FAS003,buy,4.0,2024-01-12
U00062,FAS012,buy,4.0,2024-03-04
U00062,FAS005,buy,4.0,2024-03-08
U00062,FAS053,view,1.0,2024-03-12
U00063,FAS056,view,1.0,2022-04-01
U00063,FAS055,watchlist,2.0,2022-04-24
U00063,FAS049,buy,4.0,2022-09-24
U00063,FAS035,watchlist,2.0,2022-10-06
U00063,FAS031,view,1.0,2022-11-08
U00063,FAS059,watchlist,2.0,2023-02-02
U00063,FAS043,watchlist,2.0,2023-03-14
U00063,FAS027,buy,4.0,2023-09-01
U00063,FAS045,buy,4.0,2023-10-14
U00063,FAS001,watchlist,2.0,2023-11-03
U00063,FAS057,view,1.0,2023-12-26
U00063,FAS026,watchlist,2.0,2024-01-05
U00063,FAS047,buy,4.0,2024-03-20
U00063,FAS005,view,1.0,2024-04-04
U00064,FAS042,buy,4.0,2022-10-08
U00064,FAS051,watchlist,2.0,2022-11-30
U00064,FAS036,watchlist,2.0,2023-06-14
U00064,FAS028,view,1.0,2023-06-21
U00064,FAS014,view,1.0,2023-07-01
U00064,FAS039,buy,4.0,2023-11-06
U00064,FAS059,watchlist,2.0,2023-12-10
U00064,FAS038,buy,4.0,2024-01-08
U00064,FAS027,view,1.0,2024-04-08
U00065,FAS002,view,1.0,2022-01-10
U00065,FAS036,view,1.0,2022-04-29
U00065,FAS054,view,1.0,2022-05-16
U00065,FAS051,buy,4.0,2022-06-17
U00065,FAS017,watchlist,2.0,2022-07-17
U00065,FAS046,view,1.0,2022-08-21
U00065,FAS009,watchlist,2.0,2022-11-26
U00065,FAS044,view,1.0,2023-01-19
U00065,FAS037,watchlist,2.0,2023-02-04
U00065,FAS040,view,1.0,2023-04-08
U00065,FAS035,buy,4.0,2023-09-26
U00065,FAS029,buy,4.0,2024-02-18
U00065,FAS041,watchlist,2.0,2024-09-10
U00066,FAS055,buy,4.0,2022-05-16
U00066,FAS051,view,1.0,2022-07-17
U00066,FAS017,watchlist,2.0,2022-09-11
U00066,FAS054,view,1.0,2023-02-19
U00066,FAS021,view,1.0,2023-04-03
U00066,FAS022,view,1.0,2023-10-11
U00066,FAS037,view,1.0,2023-10-15
U00066,FAS004,view,1.0,2023-12-31
U00066,FAS049,view,1.0,2024-03-17
U00067,FAS034,view,1.0,2022-02-19
U00067,FAS050,buy,4.0,2022-02-21
U00067,FAS005,view,1.0,2022-03-25
U00067,FAS001,view,1.0,2022-04-11
U00067,FAS013,view,1.0,2022-04-28
U00067,FAS049,buy,4.0,2022-09-27
U00067,FAS010,view,1.0,2022-10-03
U00067,FAS054,view,1.0,2022-11-29
U00067,FAS044,view,1.0,2023-08-04
U00067,FAS043,view,1.0,2023-11-25
U00067,FAS047,watchlist,2.0,2023-11-26
U00068,FAS038,view,1.0,2022-03-05
U00068,FAS046,watchlist,2.0,2022-03-23
U00068,FAS027,view,1.0,2022-08-11
U00068,FAS008,watchlist,2.0,2022-10-31
U00068,FAS036,buy,4.0,2023-03-17
U00068,FAS018,watchlist,2.0,2023-07-27
U00068,FAS058,watchlist,2.0,2024-05-23
U00069,FAS019,view,1.0,2022-04-26
U00069,FAS031,view,1.0,2022-08-05
U00069,FAS035,watchlist,2.0,2022-10-01
U00069,FAS010,view,1.0,2023-11-16
U00069,FAS006,buy,4.0,2024-02-25
U00069,FAS027,buy,4.0,2024-03-14
U00070,FAS003,watchlist,2.0,2022-02-27
U00070,FAS031,buy,4.0,2022-10-01
U00070,FAS006,watchlist,2.0,2022-10-18
U00070,FAS004,view,1.0,2022-11-01
U00070,FAS041,view,1.0,2023-01-08
U00070,FAS011,view,1.0,2023-06-03
U00070,FAS025,watchlist,2.0,2023-06-28
U00070,FAS037,view,1.0,2023-07-07
U00070,FAS056,view,1.0,2024-06-04
U00071,FAS002,view,1.0,2022-03-02
U00071,FAS042,buy,4.0,2023-10-03
U00071,FAS021,buy,4.0,2024-04-06
U00071,FAS038,view,1.0,2024-05-24
U00071,FAS035,watchlist,2.0,2024-06-22
U00071,FAS017,buy,4.0,2024-08-23
U00072,FAS037,view,1.0,2022-01-31
U00072,FAS033,watchlist,2.0,2022-02-09
U00072,FAS008,watchlist,2.0,2022-07-02
U00072,FAS045,view,1.0,2022-10-08
U00072,FAS001,watchlist,2.0,2023-01-05
U00072,FAS007,view,1.0,2023-06-14
U00072,FAS058,buy,4.0,2023-09-19
U00073,FAS030,view,1.0,2022-04-26
U00073,FAS036,view,1.0,2022-08-12
U00073,FAS001,view,1.0,2022-11-04
U00073,FAS044,watchlist,2.0,2022-12-10
U00073,FAS021,buy,4.0,2023-06-08
U00073,FAS052,watchlist,2.0,2023-07-13
U00073,FAS033,view,1.0,2023-07-17
U00073,FAS010,view,1.0,2023-09-25
U00073,FAS041,view,1.0,2023-12-17
U00073,FAS056,view,1.0,2023-12-19
U00073,FAS032,watchlist,2.0,2024-01-07
U00073,FAS043,view,1.0,2024-03-16
U00073,FAS009,watchlist,2.0,2024-05-20
U00074,FAS001,view,1.0,2022-01-21
U00074,FAS020,view,1.0,2022-10-27
U00074,FAS034,view,1.0,2023-03-02
U00074,FAS037,view,1.0,2023-10-18
U00074,FAS045,watchlist,2.0,2024-01-13
U00074,FAS040,view,1.0,2024-07-03
U00074,FAS039,watchlist,2.0,2024-07-15
U00074,FAS035,view,1.0,2024-10-02
U00074,FAS056,watchlist,2.0,2024-10-23
U00074,FAS029,watchlist,2.0,2024-11-10
U00074,FAS030,view,1.0,2024-11-20
U00075,FAS034,buy,4.0,2022-03-10
U00075,FAS004,view,1.0,2022-06-16
U00075,FAS027,view,1.0,2022-06-16
U00075,FAS060,buy,4.0,2022-08-06
U00075,FAS054,view,1.0,2022-10-31
U00075,FAS043,buy,4.0,2022-11-22
U00075,FAS033,watchlist,2.0,2022-12-24
U00075,FAS046,buy,4.0,2023-02-28
U00075,FAS014,buy,4.0,2024-06-22
U00075,FAS018,watchlist,2.0,2024-06-27
U00075,FAS058,watchlist,2.0,2024-07-16
U00076,FAS029,watchlist,2.0,2022-05-01
U00076,FAS037,watchlist,2.0,2022-07-29
U00076,FAS053,view,1.0,2023-05-19
U00076,FAS052,view,1.0,2023-10-12
U00076,FAS019,buy,4.0,2024-01-29
U00076,FAS042,watchlist,2.0,2024-02-22
U00076,FAS036,view,1.0,2024-04-29
U00077,FAS046,buy,4.0,2022-03-29
U00077,FAS033,view,1.0,2022-07-04
U00077,FAS002,view,1.0,2022-07-28
U00077,FAS020,watchlist,2.0,2022-10-10
U00077,FAS051,buy,4.0,2022-11-28
U00077,FAS028,view,1.0,2022-12-09
U00077,FAS049,view,1.0,2022-12-12
U00077,FAS019,watchlist,2.0,2023-02-27
U00077,FAS014,buy,4.0,2023-05-30
U00077,FAS053,view,1.0,2023-09-23
U00077,FAS050,watchlist,2.0,2023-10-08
U00077,FAS037,buy,4.0,2023-11-24
U00077,FAS038,watchlist,2.0,2024-01-13
U00077,FAS058,view,1.0,2024-04-16
U00077,FAS003,watchlist,2.0,2024-04-21
U00078,FAS017,watchlist,2.0,2022-01-06
U00078,FAS049,watchlist,2.0,2022-05-16
U00078,FAS015,watchlist,2.0,2022-06-04
U00078,FAS023,watchlist,2.0,2022-07-18
U00078,FAS041,view,1.0,2022-12-29
U00078,FAS013,view,1.0,2023-07-11
U00079,FAS029,buy,4.0,2022-08-03
U00079,FAS027,view,1.0,2022-08-26
U00079,FAS003,view,1.0,2022-09-12
U00079,FAS001,view,1.0,2022-11-09
U00079,FAS052,watchlist,2.0,2022-12-03
U00079,FAS010,view,1.0,2023-05-23
U00079,FAS045,watchlist,2.0,2023-07-29
U00079,FAS028,watchlist,2.0,2023-08-23
U00079,FAS021,watchlist,2.0,2023-10-20
U00079,FAS011,buy,4.0,2023-11-17
U00079,FAS006,view,1.0,2023-12-25
U00079,FAS056,view,1.0,2024-07-13
U00079,FAS049,buy,4.0,2024-08-13
U00080,FAS053,view,1.0,2022-01-02
U00080,FAS016,buy,4.0,2022-04-25
U00080,FAS005,view,1.0,2022-09-23
U00080,FAS028,watchlist,2.0,2022-12-29
U00080,FAS018,view,1.0,2023-01-31
U00080,FAS003,view,1.0,2023-07-21
U00080,FAS029,watchlist,2.0,2023-07-28
U00080,FAS023,buy,4.0,2023-10-31
U00081,FAS046,view,1.0,2022-01-20
U00081,FAS018,watchlist,2.0,2022-03-29
U00081,FAS054,view,1.0,2022-04-14
U00081,FAS026,buy,4.0,2022-05-18
U00081,FAS053,watchlist,2.0,2022-07-06
U00081,FAS010,watchlist,2.0,2022-10-25
U00081,FAS027,view,1.0,2022-11-23
U00081,FAS032,view,1.0,2023-02-08
U00082,FAS017,view,1.0,2022-02-14
U00082,FAS047,view,1.0,2022-03-02
U00082,FAS022,watchlist,2.0,2022-03-26
U00082,FAS034,watchlist,2.0,2022-05-03
U00082,FAS018,view,1.0,2022-05-23
U00082,FAS029,view,1.0,2022-10-13
U00082,FAS001,view,1.0,2022-12-03
U00082,FAS025,view,1.0,2023-03-03
U00082,FAS041,view,1.0,2023-08-21
U00082,FAS021,view,1.0,2023-10-31
U00082,FAS053,watchlist,2.0,2024-02-13
U00082,FAS035,view,1.0,2024-08-15
U00082,FAS002,buy,4.0,2024-09-07
U00082,FAS015,watchlist,2.0,2024-10-05
U00083,FAS035,view,1.0,2022-04-25
U00083,FAS038,view,1.0,2022-09-12
U00083,FAS029,view,1.0,2023-09-12
U00083,FAS046,view,1.0,2023-11-25
U00083,FAS051,buy,4.0,2024-01-31
U00083,FAS006,view,1.0,2024-05-06
U00083,FAS018,watchlist,2.0,2024-05-11
U00084,FAS009,watchlist,2.0,2022-02-11
U00084,FAS041,view,1.0,2022-02-22
U00084,FAS001,buy,4.0,2022-11-24
U00084,FAS006,buy,4.0,2023-01-05
U00084,FAS007,view,1.0,2023-09-25
U00084,FAS052,watchlist,2.0,2023-10-13
U00084,FAS042,buy,4.0,2024-03-27
U00084,FAS043,buy,4.0,2024-04-21
U00084,FAS046,watchlist,2.0,2024-04-24
U00085,FAS017,watchlist,2.0,2022-02-10
U00085,FAS028,watchlist,2.0,2022-03-29
U00085,FAS001,buy,4.0,2023-01-13
U00085,FAS045,view,1.0,2023-01-23
U00085,FAS014,view,1.0,2023-03-29
U00085,FAS012,view,1.0,2023-05-30
U00085,FAS023,watchlist,2.0,2023-12-27
U00085,FAS010,watchlist,2.0,2024-08-08
U00086,FAS032,view,1.0,2022-12-10
U00086,FAS026,buy,4.0,2022-12-25
U00086,FAS040,watchlist,2.0,2023-04-02
U00086,FAS050,buy,4.0,2023-12-08
U00086,FAS047,view,1.0,2024-03-12
U00086,FAS013,buy,4.0,2024-06-19
U00087,FAS034,view,1.0,2022-06-03
U00087,FAS009,view,1.0,2022-07-02
U00087,FAS040,watchlist,2.0,2022-07-27
U00087,FAS001,view,1.0,2022-08-05
U00087,FAS026,view,1.0,2023-01-07
U00087,FAS010,view,1.0,2023-03-16
U00087,FAS019,buy,4.0,2023-07-29
U00087,FAS050,view,1.0,2023-09-02
U00087,FAS007,watchlist,2.0,2023-09-04
U00087,FAS036,buy,4.0,2024-03-04
U00088,FAS029,view,1.0,2022-08-26
U00088,FAS041,view,1.0,2022-09-21
U00088,FAS023,buy,4.0,2022-09-22
U00088,FAS018,view,1.0,2022-10-07
U00088,FAS028,watchlist,2.0,2023-02-14
U00088,FAS027,watchlist,2.0,2023-02-26
U00088,FAS026,view,1.0,2023-04-01
U00088,FAS032,view,1.0,2023-07-19
U00088,FAS056,watchlist,2.0,2023-09-02
U00088,FAS015,view,1.0,2023-11-17
U00088,FAS004,view,1.0,2023-11-19
U00088,FAS049,watchlist,2.0,2024-01-03
U00088,FAS042,view,1.0,2024-02-07
U00088,FAS040,view,1.0,2024-02-08
U00088,FAS022,view,1.0,2024-04-10
U00088,FAS007,watchlist,2.0,2024-07-17
U00089,FAS004,watchlist,2.0,2022-01-19
U00089,FAS054,view,1.0,2022-03-15
U00089,FAS056,view,1.0,2022-05-09
U00089,FAS027,watchlist,2.0,2022-07-04
U00089,FAS042,view,1.0,2023-03-27
U00089,FAS034,buy,4.0,2023-05-05
U00089,FAS052,view,1.0,2023-06-27
U00089,FAS024,view,1.0,2023-08-21
U00089,FAS038,view,1.0,2024-04-05
U00089,FAS005,view,1.0,2024-04-27
U00089,FAS020,buy,4.0,2024-05-24
U00089,FAS036,buy,4.0,2024-08-24
U00090,FAS053,view,1.0,2022-01-05
U00090,FAS047,buy,4.0,2022-02-22
U00090,FAS015,watchlist,2.0,2022-02-23
U00090,FAS025,watchlist,2.0,2022-04-07
U00090,FAS007,buy,4.0,2022-04-10
U00090,FAS017,view,1.0,2022-06-02
U00090,FAS024,watchlist,2.0,2022-06-12
U00090,FAS040,buy,4.0,2022-06-15
U00090,FAS058,buy,4.0,2022-10-04
U00090,FAS013,watchlist,2.0,2022-12-19
U00090,FAS056,buy,4.0,2023-02-26
U00090,FAS042,view,1.0,2023-08-03
U00090,FAS029,view,1.0,2023-10-06
U00090,FAS008,view,1.0,2023-12-04
U00090,FAS027,view,1.0,2024-06-05
U00090,FAS030,watchlist,2.0,2024-06-17
U00091,FAS037,view,1.0,2022-01-02
U00091,FAS052,watchlist,2.0,2022-02-28
U00091,FAS008,view,1.0,2022-03-22
U00091,FAS050,watchlist,2.0,2022-12-03
U00091,FAS044,view,1.0,2024-01-06
U00091,FAS033,watchlist,2.0,2024-03-11
U00091,FAS028,view,1.0,2024-04-09
U00092,FAS050,buy,4.0,2022-01-15
U00092,FAS005,buy,4.0,2022-06-07
U00092,FAS059,watchlist,2.0,2022-06-29
U00092,FAS028,view,1.0,2022-10-02
U00092,FAS032,buy,4.0,2023-03-31
U00092,FAS023,view,1.0,2023-05-23
U00092,FAS029,view,1.0,2023-05-30
U00092,FAS006,watchlist,2.0,2023-06-24
U00092,FAS054,view,1.0,2023-08-18
U00092,FAS045,view,1.0,2023-08-24
U00092,FAS004,watchlist,2.0,2023-09-11
U00092,FAS014,view,1.0,2023-12-18
U00092,FAS016,buy,4.0,2024-01-20
U00092,FAS057,watchlist,2.0,2024-03-06
U00092,FAS009,watchlist,2.0,2024-03-14
U00093,FAS049,watchlist,2.0,2022-06-01
U00093,FAS044,view,1.0,2022-06-15
U00093,FAS027,buy,4.0,2022-06-30
U00093,FAS009,view,1.0,2022-06-30
U00093,FAS012,view,1.0,2023-01-16
U00093,FAS015,view,1.0,2023-03-02
U00093,FAS050,view,1.0,2023-06-21
U00093,FAS019,view,1.0,2023-08-31
U00094,FAS039,buy,4.0,2022-02-20
U00094,FAS043,watchlist,2.0,2022-03-04
U00094,FAS012,watchlist,2.0,2022-07-10
U00094,FAS007,buy,4.0,2022-09-23
U00094,FAS021,buy,4.0,2022-09-29
U00094,FAS002,buy,4.0,2022-11-14
U00094,FAS053,view,1.0,2023-05-24
U00094,FAS017,watchlist,2.0,2023-06-18
U00094,FAS051,watchlist,2.0,2023-08-20
U00094,FAS054,view,1.0,2023-08-29
U00094,FAS020,watchlist,2.0,2023-10-17
U00094,FAS033,watchlist,2.0,2023-11-07
U00094,FAS025,buy,4.0,2024-01-02
U00094,FAS057,watchlist,2.0,2024-01-28
U00095,FAS019,watchlist,2.0,2022-01-26
U00095,FAS028,view,1.0,2022-02-04
U00095,FAS008,watchlist,2.0,2022-12-02
U00095,FAS022,watchlist,2.0,2023-04-02
U00095,FAS016,view,1.0,2023-07-27
U00095,FAS025,watchlist,2.0,2023-12-06
U00095,FAS051,view,1.0,2024-03-13
U00096,FAS020,view,1.0,2022-02-11
U00096,FAS054,watchlist,2.0,2022-03-01
U00096,FAS029,view,1.0,2023-01-20
U00096,FAS035,buy,4.0,2023-04-05
U00096,FAS014,watchlist,2.0,2023-11-07
U00096,FAS004,buy,4.0,2023-11-19
U00096,FAS056,view,1.0,2024-04-02
U00097,FAS014,view,1.0,2022-04-11
U00097,FAS001,view,1.0,2022-05-09
U00097,FAS028,view,1.0,2022-09-14
U00097,FAS018,buy,4.0,2022-12-02
U00097,FAS052,view,1.0,2023-01-24
U00097,FAS056,view,1.0,2023-09-04
U00097,FAS023,buy,4.0,2023-12-22
U00097,FAS015,watchlist,2.0,2023-12-29
U00097,FAS009,buy,4.0,2024-01-23
U00097,FAS058,watchlist,2.0,2024-04-05
U00097,FAS008,buy,4.0,2024-05-01
U00097,FAS029,view,1.0,2024-07-07
U00097,FAS005,view,1.0,2024-07-20
U00097,FAS054,buy,4.0,2024-10-31
U00098,FAS004,view,1.0,2022-01-03
U00098,FAS023,watchlist,2.0,2022-03-31
U00098,FAS044,view,1.0,2022-04-17
U00098,FAS046,watchlist,2.0,2022-06-11
U00098,FAS054,buy,4.0,2022-08-02
U00098,FAS036,view,1.0,2022-10-03
U00098,FAS047,watchlist,2.0,2022-11-17
U00098,FAS007,watchlist,2.0,2022-12-03
U00098,FAS013,buy,4.0,2024-04-12
U00098,FAS027,view,1.0,2024-06-24
U00098,FAS049,view,1.0,2024-06-29
U00098,FAS041,view,1.0,2024-07-06
U00099,FAS040,view,1.0,2022-02-12
U00099,FAS009,watchlist,2.0,2022-05-06
U00099,FAS054,view,1.0,2022-07-07
U00099,FAS015,view,1.0,2023-07-04
U00099,FAS018,watchlist,2.0,2023-07-24
U00099,FAS042,view,1.0,2023-12-20
U00099,FAS034,watchlist,2.0,2024-06-17
U00099,FAS049,view,1.0,2024-08-22
U00100,FAS051,watchlist,2.0,2022-02-17
U00100,FAS038,view,1.0,2022-03-15
U00100,FAS006,buy,4.0,2022-05-10
U00100,FAS012,watchlist,2.0,2022-07-24
U00100,FAS009,view,1.0,2022-07-29
U00100,FAS001,view,1.0,2022-08-01
U00100,FAS005,watchlist,2.0,2022-08-04
U00100,FAS058,view,1.0,2023-02-25
U00100,FAS028,watchlist,2.0,2023-06-12
U00100,FAS026,watchlist,2.0,2023-09-02
U00100,FAS021,view,1.0,2023-10-11
U00100,FAS013,buy,4.0,2024-01-06
U00100,FAS014,view,1.0,2024-02-19
U00100,FAS029,watchlist,2.0,2024-04-22
U00101,FAS043,buy,4.0,2022-02-07
U00101,FAS055,view,1.0,2022-02-11
U00101,FAS050,view,1.0,2022-02-17
U00101,FAS057,buy,4.0,2022-11-02
U00101,FAS030,watchlist,2.0,2023-01-02
U00101,FAS035,view,1.0,2023-04-16
U00101,FAS044,view,1.0,2023-05-25
U00101,FAS003,watchlist,2.0,2024-02-12
U00101,FAS027,view,1.0,2024-04-12
U00102,FAS019,watchlist,2.0,2022-03-09
U00102,FAS023,view,1.0,2022-05-18
U00102,FAS018,watchlist,2.0,2022-07-27
U00102,FAS040,watchlist,2.0,2022-11-18
U00102,FAS053,watchlist,2.0,2022-12-04
U00102,FAS058,view,1.0,2022-12-23
U00102,FAS009,view,1.0,2023-02-28
U00102,FAS003,view,1.0,2023-04-03
U00102,FAS052,buy,4.0,2023-04-10
U00102,FAS012,watchlist,2.0,2023-11-26
U00102,FAS028,buy,4.0,2023-12-19
U00102,FAS002,view,1.0,2023-12-23
U00102,FAS032,buy,4.0,2024-06-20
U00102,FAS036,view,1.0,2024-07-16
U00102,FAS039,watchlist,2.0,2024-07-18
U00103,FAS022,watchlist,2.0,2022-01-10
U00103,FAS023,view,1.0,2022-06-12
U00103,FAS035,watchlist,2.0,2022-07-08
U00103,FAS037,view,1.0,2022-12-04
U00103,FAS046,view,1.0,2023-02-08
U00103,FAS020,view,1.0,2023-04-25
U00103,FAS048,view,1.0,2023-06-03
U00103,FAS055,view,1.0,2023-06-18
U00103,FAS045,view,1.0,2023-09-28
U00103,FAS049,buy,4.0,2024-01-17
U00103,FAS015,watchlist,2.0,2024-02-08
U00103,FAS024,view,1.0,2024-02-14
U00103,FAS012,view,1.0,2024-04-07
U00104,FAS045,buy,4.0,2022-02-12
U00104,FAS051,view,1.0,2022-02-27
U00104,FAS054,watchlist,2.0,2022-09-20
U00104,FAS053,watchlist,2.0,2022-12-18
U00104,FAS005,view,1.0,2023-03-12
U00104,FAS007,view,1.0,2023-08-04
U00104,FAS057,buy,4.0,2023-11-20
U00104,FAS043,watchlist,2.0,2024-03-14
U00104,FAS004,view,1.0,2024-03-25
U00105,FAS025,watchlist,2.0,2022-02-01
U00105,FAS041,watchlist,2.0,2022-03-20
U00105,FAS052,view,1.0,2022-08-09
U00105,FAS012,view,1.0,2022-08-30
U00105,FAS058,watchlist,2.0,2023-01-07
U00105,FAS027,buy,4.0,2023-03-05
U00105,FAS024,view,1.0,2023-04-12
U00105,FAS047,watchlist,2.0,2023-04-23
U00105,FAS043,buy,4.0,2023-06-29
U00105,FAS046,view,1.0,2023-10-13
U00105,FAS005,buy,4.0,2023-12-19
U00106,FAS043,watchlist,2.0,2023-03-31
U00106,FAS028,view,1.0,2023-06-16
U00106,FAS004,watchlist,2.0,2023-08-14
U00106,FAS002,watchlist,2.0,2023-10-30
U00106,FAS003,view,1.0,2024-03-22
U00106,FAS051,watchlist,2.0,2024-04-10
U00106,FAS058,watchlist,2.0,2024-04-15
U00107,FAS009,view,1.0,2022-05-13
U00107,FAS047,watchlist,2.0,2022-05-14
U00107,FAS032,watchlist,2.0,2022-09-09
U00107,FAS031,view,1.0,2023-01-27
U00107,FAS046,view,1.0,2023-07-07
U00107,FAS002,watchlist,2.0,2023-09-26
U00107,FAS042,view,1.0,2024-07-25
U00108,FAS007,watchlist,2.0,2022-02-05
U00108,FAS049,view,1.0,2022-09-03
U00108,FAS011,buy,4.0,2022-11-15
U00108,FAS039,buy,4.0,2023-01-02
U00108,FAS013,view,1.0,2023-02-03
U00108,FAS051,view,1.0,2023-03-22
U00109,FAS034,view,1.0,2022-01-17
U00109,FAS030,watchlist,2.0,2022-03-23
U00109,FAS015,view,1.0,2022-04-07
U00109,FAS019,buy,4.0,2022-06-07
U00109,FAS025,buy,4.0,2023-02-02
U00109,FAS014,buy,4.0,2023-04-24
U00109,FAS032,watchlist,2.0,2023-09-11
U00109,FAS049,watchlist,2.0,2024-01-22
U00109,FAS017,view,1.0,2024-03-12
U00110,FAS035,buy,4.0,2022-07-22
U00110,FAS055,watchlist,2.0,2022-12-24
U00110,FAS033,view,1.0,2023-02-09
U00110,FAS003,view,1.0,2023-05-14
U00110,FAS051,view,1.0,2023-05-14
U00110,FAS031,watchlist,2.0,2023-05-23
U00110,FAS002,view,1.0,2023-07-20
U00110,FAS046,watchlist,2.0,2023-07-26
U00110,FAS014,buy,4.0,2024-03-14
U00110,FAS047,buy,4.0,2024-07-31
U00111,FAS024,view,1.0,2022-01-06
U00111,FAS014,watchlist,2.0,2022-03-24
U00111,FAS050,view,1.0,2022-08-26
U00111,FAS007,view,1.0,2022-12-22
U00111,FAS049,view,1.0,2022-12-31
U00111,FAS035,buy,4.0,2023-06-04
U00111,FAS013,view,1.0,2023-10-17
U00111,FAS033,buy,4.0,2023-11-08
U00111,FAS038,view,1.0,2024-03-13
U00111,FAS048,watchlist,2.0,2024-04-24
U00112,FAS039,watchlist,2.0,2022-03-12
U00112,FAS006,watchlist,2.0,2022-04-02
U00112,FAS026,view,1.0,2022-08-01
U00112,FAS051,watchlist,2.0,2022-08-29
U00112,FAS011,watchlist,2.0,2023-01-25
U00112,FAS008,view,1.0,2023-05-19
U00112,FAS055,view,1.0,2023-06-05
U00112,FAS048,watchlist,2.0,2023-08-15
U00112,FAS059,view,1.0,2023-12-08
U00112,FAS012,watchlist,2.0,2024-01-31
U00112,FAS042,view,1.0,2024-02-25
U00112,FAS016,watchlist,2.0,2024-07-15
U00113,FAS010,view,1.0,2022-04-09
U00113,FAS028,buy,4.0,2022-04-20
U00113,FAS017,watchlist,2.0,2022-04-30
U00113,FAS013,view,1.0,2022-07-13
U00113,FAS033,view,1.0,2022-12-16
U00113,FAS027,view,1.0,2022-12-18
U00113,FAS050,buy,4.0,2022-12-19
U00113,FAS047,view,1.0,2023-02-27
U00113,FAS002,view,1.0,2023-03-30
U00113,FAS054,view,1.0,2023-05-03
U00113,FAS031,view,1.0,2023-05-04
U00113,FAS014,view,1.0,2023-05-06
U00113,FAS056,view,1.0,2023-07-12
U00113,FAS005,buy,4.0,2023-08-22
U00113,FAS026,buy,4.0,2023-10-17
U00113,FAS020,watchlist,2.0,2024-03-20
U00114,FAS032,watchlist,2.0,2022-01-08
U00114,FAS041,buy,4.0,2022-01-24
U00114,FAS001,view,1.0,2022-04-02
U00114,FAS055,watchlist,2.0,2022-07-19
U00114,FAS012,view,1.0,2022-08-27
U00114,FAS039,watchlist,2.0,2022-10-13
U00114,FAS010,watchlist,2.0,2023-01-27
U00114,FAS054,watchlist,2.0,2023-06-10
U00114,FAS038,buy,4.0,2023-07-25
U00114,FAS052,buy,4.0,2023-09-01
U00114,FAS030,watchlist,2.0,2023-10-16
U00114,FAS050,view,1.0,2024-01-24
U00114,FAS008,view,1.0,2024-01-27
U00114,FAS037,view,1.0,2024-03-26
U00115,FAS028,watchlist,2.0,2022-01-21
U00115,FAS053,buy,4.0,2022-03-25
U00115,FAS051,buy,4.0,2022-04-29
U00115,FAS056,watchlist,2.0,2022-05-16
U00115,FAS058,buy,4.0,2022-06-30
U00115,FAS034,watchlist,2.0,2022-12-02
U00115,FAS006,watchlist,2.0,2023-02-17
U00115,FAS032,view,1.0,2023-03-17
U00115,FAS016,view,1.0,2023-05-05
U00115,FAS018,watchlist,2.0,2023-06-02
U00115,FAS027,watchlist,2.0,2023-08-26
U00115,FAS009,view,1.0,2024-01-03
U00115,FAS003,view,1.0,2024-02-29
U00115,FAS025,watchlist,2.0,2024-03-27
U00115,FAS019,view,1.0,2024-04-23
U00115,FAS015,buy,4.0,2024-05-14
U00116,FAS004,view,1.0,2022-02-11
U00116,FAS021,watchlist,2.0,2022-02-12
U00116,FAS044,buy,4.0,2022-04-04
U00116,FAS001,watchlist,2.0,2022-04-23
U00116,FAS012,view,1.0,2022-05-29
U00116,FAS017,watchlist,2.0,2022-10-09
U00116,FAS053,buy,4.0,2022-11-23
U00116,FAS039,buy,4.0,2023-01-24
U00116,FAS050,view,1.0,2023-01-31
U00116,FAS020,view,1.0,2023-02-18
U00116,FAS047,view,1.0,2023-02-28
U00116,FAS036,watchlist,2.0,2023-05-13
U00116,FAS032,view,1.0,2023-08-26
U00117,FAS038,view,1.0,2022-03-16
U00117,FAS049,watchlist,2.0,2022-10-19
U00117,FAS030,watchlist,2.0,2023-01-14
U00117,FAS029,watchlist,2.0,2023-04-14
U00117,FAS045,view,1.0,2023-04-20
U00117,FAS039,watchlist,2.0,2023-06-13
U00117,FAS056,watchlist,2.0,2023-07-16
U00117,FAS021,view,1.0,2023-09-02
U00117,FAS014,watchlist,2.0,2023-09-08
U00117,FAS010,view,1.0,2023-10-04
U00117,FAS003,buy,4.0,2023-11-02
U00117,FAS017,buy,4.0,2023-11-11
U00117,FAS037,watchlist,2.0,2024-01-30
U00117,FAS025,watchlist,2.0,2024-04-15
U00117,FAS022,watchlist,2.0,2024-06-05
U00118,FAS019,watchlist,2.0,2022-02-12
U00118,FAS014,view,1.0,2022-05-25
U00118,FAS006,buy,4.0,2022-06-17
U00118,FAS029,view,1.0,2022-07-09
U00118,FAS051,view,1.0,2022-08-11
U00118,FAS050,view,1.0,2022-11-11
U00118,FAS017,buy,4.0,2023-01-07
U00118,FAS001,view,1.0,2023-06-05
U00118,FAS047,view,1.0,2023-06-16
U00118,FAS012,view,1.0,2023-12-31
U00118,FAS057,watchlist,2.0,2024-02-15
U00118,FAS028,watchlist,2.0,2024-02-16
U00118,FAS033,view,1.0,2024-02-26
U00118,FAS034,view,1.0,2024-02-28
U00118,FAS021,view,1.0,2024-06-04
U00119,FAS050,buy,4.0,2022-01-16
U00119,FAS022,watchlist,2.0,2022-02-18
U00119,FAS027,view,1.0,2022-03-05
U00119,FAS038,watchlist,2.0,2022-05-03
U00119,FAS010,watchlist,2.0,2023-07-07
U00119,FAS037,view,1.0,2023-07-18
U00119,FAS056,buy,4.0,2023-07-29
U00119,FAS005,view,1.0,2023-08-08
U00119,FAS012,view,1.0,2023-09-16
U00119,FAS039,watchlist,2.0,2023-10-07
U00119,FAS043,view,1.0,2023-11-04
U00119,FAS033,watchlist,2.0,2024-07-21
U00119,FAS052,watchlist,2.0,2024-08-14
U00119,FAS053,buy,4.0,2024-08-23
U00120,FAS037,view,1.0,2022-06-19
U00120,FAS051,buy,4.0,2022-11-27
U00120,FAS003,watchlist,2.0,2023-03-21
U00120,FAS009,view,1.0,2023-08-09
U00120,FAS044,watchlist,2.0,2023-09-17
U00120,FAS058,buy,4.0,2023-10-10
U00120,FAS001,buy,4.0,2023-10-25
U00120,FAS041,watchlist,2.0,2024-01-29
U00120,FAS054,watchlist,2.0,2024-02-10
U00120,FAS034,view,1.0,2024-07-07
U00121,FAS057,watchlist,2.0,2022-06-09
U00121,FAS028,view,1.0,2022-09-20
U00121,FAS040,watchlist,2.0,2022-09-26
U00121,FAS027,watchlist,2.0,2023-01-11
U00121,FAS007,buy,4.0,2023-05-24
U00121,FAS039,view,1.0,2023-05-31
U00121,FAS055,view,1.0,2023-09-02
U00121,FAS021,view,1.0,2023-09-22
U00121,FAS038,buy,4.0,2023-11-05
U00121,FAS045,view,1.0,2024-02-14
U00121,FAS006,buy,4.0,2024-04-01
U00122,FAS021,watchlist,2.0,2022-02-15
U00122,FAS052,watchlist,2.0,2022-06-20
U00122,FAS018,view,1.0,2022-09-18
U00122,FAS014,watchlist,2.0,2022-10-24
U00122,FAS058,buy,4.0,2022-10-30
U00122,FAS049,buy,4.0,2023-09-08
U00123,FAS050,view,1.0,2022-01-01
U00123,FAS009,buy,4.0,2022-06-02
U00123,FAS058,buy,4.0,2022-07-11
U00123,FAS044,watchlist,2.0,2022-11-20
U00123,FAS042,watchlist,2.0,2023-09-10
U00123,FAS047,watchlist,2.0,2023-11-06
U00123,FAS005,watchlist,2.0,2023-12-08
U00123,FAS049,watchlist,2.0,2024-03-01
U00123,FAS018,watchlist,2.0,2024-05-09
U00124,FAS018,view,1.0,2022-05-25
U00124,FAS044,buy,4.0,2023-01-04
U00124,FAS033,buy,4.0,2023-07-11
U00124,FAS039,watchlist,2.0,2023-09-04
U00124,FAS020,view,1.0,2023-12-08
U00124,FAS052,view,1.0,2024-01-04
U00124,FAS036,buy,4.0,2024-02-20
U00125,FAS030,watchlist,2.0,2022-01-31
U00125,FAS043,buy,4.0,2022-03-31
U00125,FAS018,buy,4.0,2022-08-21
U00125,FAS031,watchlist,2.0,2022-12-01
U00125,FAS037,watchlist,2.0,2023-01-25
U00125,FAS033,view,1.0,2023-04-14
U00125,FAS004,view,1.0,2023-05-28
U00125,FAS021,view,1.0,2023-08-26
U00125,FAS026,watchlist,2.0,2023-12-09
U00125,FAS039,view,1.0,2023-12-31
U00125,FAS055,view,1.0,2024-03-24
U00125,FAS027,buy,4.0,2024-04-29
U00125,FAS054,watchlist,2.0,2024-05-25
U00125,FAS020,view,1.0,2024-05-30
U00125,FAS050,watchlist,2.0,2024-06-05
U00125,FAS047,view,1.0,2024-11-04
U00126,FAS008,view,1.0,2022-05-25
U00126,FAS032,view,1.0,2022-07-20
U00126,FAS013,watchlist,2.0,2023-01-05
U00126,FAS007,watchlist,2.0,2023-04-26
U00126,FAS009,view,1.0,2023-06-17
U00126,FAS020,watchlist,2.0,2023-06-22
U00126,FAS023,view,1.0,2023-10-28
U00126,FAS022,view,1.0,2024-03-07
U00126,FAS058,watchlist,2.0,2024-03-08
U00126,FAS028,watchlist,2.0,2024-03-16
U00127,FAS009,view,1.0,2022-02-09
U00127,FAS028,view,1.0,2022-02-22
U00127,FAS042,view,1.0,2022-02-24
U00127,FAS021,view,1.0,2022-04-14
U00127,FAS049,watchlist,2.0,2022-09-11
U00127,FAS001,watchlist,2.0,2022-10-17
U00127,FAS037,watchlist,2.0,2023-07-05
U00127,FAS006,buy,4.0,2023-09-27
U00127,FAS045,watchlist,2.0,2023-12-18
U00127,FAS012,buy,4.0,2024-02-29
U00128,FAS043,buy,4.0,2022-02-22
U00128,FAS039,buy,4.0,2022-05-13
U00128,FAS034,view,1.0,2022-06-28
U00128,FAS004,watchlist,2.0,2023-04-08
U00128,FAS044,view,1.0,2023-06-19
U00128,FAS027,watchlist,2.0,2023-07-07
U00128,FAS019,view,1.0,2023-07-08
U00128,FAS029,buy,4.0,2024-06-29
U00129,FAS003,watchlist,2.0,2022-02-11
U00129,FAS056,buy,4.0,2022-03-08
U00129,FAS009,view,1.0,2022-04-28
U00129,FAS025,buy,4.0,2022-10-29
U00129,FAS026,view,1.0,2022-11-20
U00129,FAS024,view,1.0,2023-01-04
U00129,FAS005,buy,4.0,2023-02-09
U00129,FAS050,view,1.0,2023-11-14
U00129,FAS043,view,1.0,2024-01-17
U00129,FAS002,view,1.0,2024-01-30
U00129,FAS052,watchlist,2.0,2024-04-13
U00129,FAS057,view,1.0,2024-05-22
U00129,FAS027,watchlist,2.0,2024-07-13
U00130,FAS047,buy,4.0,2022-01-19
U00130,FAS031,watchlist,2.0,2022-02-12
U00130,FAS035,view,1.0,2022-03-13
U00130,FAS029,view,1.0,2023-01-23
U00130,FAS027,view,1.0,2023-06-16
U00130,FAS005,view,1.0,2023-07-17
U00130,FAS049,view,1.0,2023-07-18
U00131,FAS057,view,1.0,2022-04-10
U00131,FAS013,watchlist,2.0,2022-06-08
U00131,FAS033,view,1.0,2023-01-17
U00131,FAS002,watchlist,2.0,2023-02-16
U00131,FAS035,buy,4.0,2023-03-13
U00131,FAS058,watchlist,2.0,2023-03-26
U00131,FAS051,buy,4.0,2023-05-20
U00131,FAS017,view,1.0,2023-11-23
U00131,FAS021,view,1.0,2024-02-15
U00131,FAS025,buy,4.0,2024-03-18
U00131,FAS001,watchlist,2.0,2024-07-04
U00131,FAS019,buy,4.0,2024-09-25
U00132,FAS029,buy,4.0,2022-07-14
U00132,FAS039,view,1.0,2022-09-01
U00132,FAS034,buy,4.0,2023-01-08
U00132,FAS044,buy,4.0,2023-04-03
U00132,FAS045,watchlist,2.0,2023-07-21
U00132,FAS060,view,1.0,2023-07-25
U00132,FAS024,view,1.0,2023-07-26
U00132,FAS050,view,1.0,2024-02-06
U00133,FAS046,watchlist,2.0,2022-02-08
U00133,FAS037,buy,4.0,2022-05-17
U00133,FAS008,buy,4.0,2023-01-14
U00133,FAS009,view,1.0,2023-04-03
U00133,FAS019,watchlist,2.0,2023-06-27
U00133,FAS025,watchlist,2.0,2023-10-02
U00133,FAS014,watchlist,2.0,2023-10-30
U00133,FAS057,buy,4.0,2024-03-13
U00133,FAS049,view,1.0,2024-03-22
U00134,FAS045,watchlist,2.0,2022-01-02
U00134,FAS060,view,1.0,2022-03-12
U00134,FAS025,watchlist,2.0,2022-04-09
U00134,FAS010,watchlist,2.0,2022-08-28
U00134,FAS003,buy,4.0,2022-09-11
U00134,FAS056,buy,4.0,2023-02-03
U00134,FAS009,view,1.0,2023-08-06
U00134,FAS031,watchlist,2.0,2023-10-02
U00135,FAS007,view,1.0,2022-05-05
U00135,FAS036,watchlist,2.0,2022-09-03
U00135,FAS041,buy,4.0,2023-05-15
U00135,FAS039,view,1.0,2023-07-13
U00135,FAS011,view,1.0,2023-08-20
U00135,FAS003,buy,4.0,2023-11-24
U00136,FAS041,watchlist,2.0,2022-02-17
U00136,FAS035,buy,4.0,2022-02-23
U00136,FAS043,watchlist,2.0,2022-05-22
U00136,FAS052,view,1.0,2022-08-13
U00136,FAS009,buy,4.0,2022-11-19
U00136,FAS044,view,1.0,2023-03-12
U00136,FAS018,view,1.0,2023-03-25
U00136,FAS031,view,1.0,2023-08-04
U00136,FAS010,watchlist,2.0,2023-08-14
U00136,FAS006,view,1.0,2024-05-01
U00136,FAS028,view,1.0,2024-05-14
U00137,FAS052,view,1.0,2022-04-11
U00137,FAS057,view,1.0,2022-05-08
U00137,FAS036,watchlist,2.0,2023-02-20
U00137,FAS058,watchlist,2.0,2023-03-07
U00137,FAS029,view,1.0,2023-06-28
U00137,FAS006,watchlist,2.0,2023-07-10
U00137,FAS059,view,1.0,2024-04-08
U00138,FAS027,buy,4.0,2022-01-25
U00138,FAS049,view,1.0,2022-03-02
U00138,FAS010,watchlist,2.0,2022-05-24
U00138,FAS030,view,1.0,2023-01-27
U00138,FAS054,view,1.0,2023-02-14
U00138,FAS025,watchlist,2.0,2023-02-19
U00138,FAS043,buy,4.0,2023-04-01
U00138,FAS001,buy,4.0,2023-04-01
U00138,FAS020,watchlist,2.0,2023-04-30
U00138,FAS003,watchlist,2.0,2023-06-12
U00138,FAS047,view,1.0,2023-06-12
U00138,FAS022,buy,4.0,2023-07-05
U00138,FAS006,watchlist,2.0,2023-11-06
U00138,FAS014,view,1.0,2023-11-21
U00138,FAS029,view,1.0,2024-01-11
U00139,FAS025,buy,4.0,2022-04-22
U00139,FAS046,view,1.0,2022-10-27
U00139,FAS042,view,1.0,2023-02-21
U00139,FAS005,buy,4.0,2023-02-22
U00139,FAS048,buy,4.0,2023-02-26
U00139,FAS051,view,1.0,2023-04-05
U00139,FAS006,watchlist,2.0,2023-06-05
U00139,FAS016,view,1.0,2023-11-01
U00139,FAS002,buy,4.0,2023-11-16
U00139,FAS052,view,1.0,2023-11-25
U00139,FAS034,view,1.0,2024-02-28
U00139,FAS019,view,1.0,2024-04-10
U00139,FAS020,view,1.0,2024-08-17
U00140,FAS041,view,1.0,2022-03-04
U00140,FAS047,watchlist,2.0,2022-06-16
U00140,FAS054,buy,4.0,2022-08-25
U00140,FAS042,watchlist,2.0,2023-05-08
U00140,FAS032,watchlist,2.0,2023-11-23
U00140,FAS053,watchlist,2.0,2024-02-15
U00140,FAS031,watchlist,2.0,2024-03-21
U00141,FAS022,watchlist,2.0,2022-01-03
U00141,FAS051,watchlist,2.0,2022-05-14
U00141,FAS039,watchlist,2.0,2023-01-18
U00141,FAS033,view,1.0,2023-04-06
U00141,FAS030,view,1.0,2023-06-06
U00141,FAS053,view,1.0,2023-09-09
U00141,FAS001,buy,4.0,2023-10-28
U00141,FAS004,view,1.0,2024-02-08
U00142,FAS023,watchlist,2.0,2022-03-08
U00142,FAS060,view,1.0,2022-04-12
U00142,FAS050,buy,4.0,2022-04-21
U00142,FAS034,watchlist,2.0,2022-09-29
U00142,FAS009,buy,4.0,2023-01-22
U00142,FAS021,view,1.0,2023-02-10
U00142,FAS022,watchlist,2.0,2023-10-29
U00142,FAS044,buy,4.0,2023-12-12
U00142,FAS037,view,1.0,2023-12-18
U00142,FAS012,view,1.0,2024-01-20
U00142,FAS054,view,1.0,2024-03-30
U00142,FAS039,view,1.0,2024-04-19
U00142,FAS017,buy,4.0,2024-07-29
U00143,FAS029,buy,4.0,2022-05-27
U00143,FAS050,buy,4.0,2022-07-06
U00143,FAS033,view,1.0,2022-09-25
U00143,FAS005,view,1.0,2022-12-19
U00143,FAS008,buy,4.0,2022-12-29
U00143,FAS039,buy,4.0,2023-02-10
U00143,FAS052,view,1.0,2023-07-14
U00143,FAS026,view,1.0,2023-08-17
U00143,FAS058,buy,4.0,2023-12-15
U00143,FAS035,buy,4.0,2024-04-01
U00143,FAS043,view,1.0,2024-04-09
U00143,FAS042,view,1.0,2024-04-24
U00143,FAS011,view,1.0,2024-05-02
U00144,FAS033,buy,4.0,2022-03-21
U00144,FAS052,watchlist,2.0,2022-05-07
U00144,FAS018,buy,4.0,2022-05-28
U00144,FAS007,watchlist,2.0,2022-07-14
U00144,FAS057,view,1.0,2022-08-12
U00144,FAS009,view,1.0,2022-10-15
U00144,FAS029,buy,4.0,2022-12-21
U00144,FAS002,view,1.0,2023-02-21
U00144,FAS038,view,1.0,2023-03-31
U00144,FAS040,view,1.0,2023-07-20
U00144,FAS023,view,1.0,2024-01-18
U00144,FAS032,buy,4.0,2024-06-10
U00145,FAS028,view,1.0,2022-09-29
U00145,FAS044,watchlist,2.0,2022-12-13
U00145,FAS050,buy,4.0,2023-02-24
U00145,FAS045,view,1.0,2023-03-22
U00145,FAS037,buy,4.0,2023-06-24
U00145,FAS011,watchlist,2.0,2023-10-07
U00145,FAS059,view,1.0,2023-12-20
U00145,FAS027,watchlist,2.0,2023-12-30
U00145,FAS018,watchlist,2.0,2023-12-31
U00145,FAS022,watchlist,2.0,2024-04-07
U00146,FAS029,watchlist,2.0,2022-01-08
U00146,FAS023,view,1.0,2022-04-07
U00146,FAS031,view,1.0,2022-06-15
U00146,FAS007,view,1.0,2022-08-09
U00146,FAS040,view,1.0,2023-10-21
U00146,FAS037,watchlist,2.0,2023-12-13
U00147,FAS034,buy,4.0,2022-01-28
U00147,FAS046,watchlist,2.0,2022-02-13
U00147,FAS055,view,1.0,2022-03-04
U00147,FAS056,view,1.0,2022-05-08
U00147,FAS048,view,1.0,2023-04-23
U00147,FAS058,view,1.0,2023-06-01
U00147,FAS013,view,1.0,2023-06-20
U00147,FAS054,view,1.0,2023-11-10
U00147,FAS036,view,1.0,2023-11-18
U00147,FAS007,watchlist,2.0,2024-04-22
U00147,FAS027,view,1.0,2024-05-19
U00147,FAS021,view,1.0,2024-06-01
U00147,FAS001,view,1.0,2024-06-03
U00147,FAS045,watchlist,2.0,2024-07-22
U00148,FAS043,watchlist,2.0,2022-04-13
U00148,FAS041,watchlist,2.0,2022-04-18
U00148,FAS004,view,1.0,2022-08-11
U00148,FAS022,buy,4.0,2022-08-14
U00148,FAS026,view,1.0,2023-02-18
U00148,FAS040,buy,4.0,2023-03-11
U00148,FAS057,buy,4.0,2023-04-14
U00148,FAS036,view,1.0,2023-10-03
U00148,FAS024,view,1.0,2023-10-19
U00148,FAS053,watchlist,2.0,2024-01-15
U00148,FAS031,view,1.0,2024-03-12
U00148,FAS014,watchlist,2.0,2024-04-21
U00149,FAS013,buy,4.0,2022-07-08
U00149,FAS036,buy,4.0,2023-01-29
U00149,FAS044,view,1.0,2023-02-06
U00149,FAS048,view,1.0,2023-07-31
U00149,FAS035,view,1.0,2023-11-08
U00149,FAS011,watchlist,2.0,2023-11-26
U00149,FAS057,view,1.0,2024-02-18
U00149,FAS003,buy,4.0,2024-06-05
U00149,FAS060,view,1.0,2024-10-09
U00150,FAS057,watchlist,2.0,2022-03-24
U00150,FAS020,view,1.0,2022-04-15
U00150,FAS024,view,1.0,2022-04-21
U00150,FAS001,buy,4.0,2022-08-09
U00150,FAS005,buy,4.0,2022-08-21
U00150,FAS043,view,1.0,2022-08-29
U00150,FAS048,watchlist,2.0,2022-12-21
U00150,FAS027,buy,4.0,2023-01-20
U00150,FAS015,view,1.0,2023-03-03
U00150,FAS039,watchlist,2.0,2023-03-18
U00150,FAS026,buy,4.0,2023-06-20
U00150,FAS052,watchlist,2.0,2023-08-29
U00150,FAS009,buy,4.0,2024-01-11
U00150,FAS012,view,1.0,2024-04-01
U00150,FAS022,buy,4.0,2024-04-13
U00150,FAS036,watchlist,2.0,2024-07-13
U00151,FAS048,view,1.0,2022-02-25
U00151,FAS027,watchlist,2.0,2022-03-08
U00151,FAS005,view,1.0,2022-05-29
U00151,FAS025,view,1.0,2022-06-28
U00151,FAS029,watchlist,2.0,2023-03-04
U00151,FAS019,view,1.0,2023-04-03
U00151,FAS034,watchlist,2.0,2023-11-11
U00151,FAS032,watchlist,2.0,2024-03-19
U00152,FAS004,view,1.0,2022-05-06
U00152,FAS030,watchlist,2.0,2022-11-03
U00152,FAS045,buy,4.0,2023-04-04
U00152,FAS011,buy,4.0,2024-01-31
U00152,FAS040,view,1.0,2024-02-29
U00152,FAS017,watchlist,2.0,2024-05-06
U00153,FAS058,watchlist,2.0,2022-03-03
U00153,FAS056,buy,4.0,2022-04-15
U00153,FAS026,buy,4.0,2022-12-02
U00153,FAS054,watchlist,2.0,2023-01-08
U00153,FAS039,view,1.0,2023-04-17
U00153,FAS060,watchlist,2.0,2023-09-04
U00153,FAS047,watchlist,2.0,2023-10-08
U00153,FAS037,view,1.0,2023-11-17
U00153,FAS038,view,1.0,2023-11-26
U00153,FAS013,watchlist,2.0,2024-02-18
U00153,FAS019,watchlist,2.0,2024-03-21
U00154,FAS056,view,1.0,2022-01-28
U00154,FAS040,buy,4.0,2022-04-24
U00154,FAS015,buy,4.0,2022-10-04
U00154,FAS027,buy,4.0,2022-12-27
U00154,FAS026,watchlist,2.0,2023-01-08
U00154,FAS034,view,1.0,2023-05-27
U00154,FAS031,watchlist,2.0,2023-06-24
U00154,FAS022,watchlist,2.0,2023-08-21
U00154,FAS008,watchlist,2.0,2023-10-09
U00154,FAS047,buy,4.0,2024-01-21
U00155,FAS031,view,1.0,2022-03-24
U00155,FAS045,buy,4.0,2022-08-05
U00155,FAS060,buy,4.0,2022-09-12
U00155,FAS020,watchlist,2.0,2022-11-22
U00155,FAS001,view,1.0,2022-12-08
U00155,FAS027,watchlist,2.0,2023-01-13
U00155,FAS005,view,1.0,2023-02-14
U00155,FAS050,view,1.0,2023-09-02
U00155,FAS030,view,1.0,2023-09-30
U00155,FAS047,view,1.0,2024-05-02
U00156,FAS056,view,1.0,2022-03-04
U00156,FAS042,view,1.0,2022-08-02
U00156,FAS052,view,1.0,2022-12-18
U00156,FAS033,watchlist,2.0,2023-02-11
U00156,FAS025,buy,4.0,2023-09-18
U00156,FAS044,view,1.0,2024-04-12
U00156,FAS001,view,1.0,2024-07-18
U00156,FAS043,view,1.0,2024-07-24
U00157,FAS032,watchlist,2.0,2022-02-09
U00157,FAS001,view,1.0,2022-03-13
U00157,FAS048,view,1.0,2022-07-21
U00157,FAS049,buy,4.0,2022-10-30
U00157,FAS038,watchlist,2.0,2023-01-28
U00157,FAS009,buy,4.0,2023-04-01
U00157,FAS035,view,1.0,2023-06-08
U00157,FAS045,view,1.0,2023-06-10
U00157,FAS042,view,1.0,2023-07-15
U00157,FAS021,watchlist,2.0,2023-08-07
U00157,FAS010,buy,4.0,2023-11-19
U00157,FAS030,view,1.0,2023-12-29
U00157,FAS014,view,1.0,2024-02-08
U00157,FAS050,watchlist,2.0,2024-05-01
U00157,FAS023,watchlist,2.0,2024-08-07
U00158,FAS002,view,1.0,2022-04-28
U00158,FAS019,view,1.0,2023-03-23
U00158,FAS007,view,1.0,2023-04-04
U00158,FAS048,view,1.0,2023-05-31
U00158,FAS016,watchlist,2.0,2023-07-29
U00158,FAS057,view,1.0,2024-02-21
U00159,FAS019,buy,4.0,2022-01-01
U00159,FAS030,watchlist,2.0,2022-06-01
U00159,FAS016,watchlist,2.0,2022-06-21
U00159,FAS039,watchlist,2.0,2022-09-15
U00159,FAS052,view,1.0,2023-02-15
U00159,FAS002,watchlist,2.0,2023-10-04
U00159,FAS054,view,1.0,2023-10-09
U00159,FAS012,watchlist,2.0,2023-12-01
U00159,FAS032,view,1.0,2024-06-23
U00159,FAS055,view,1.0,2024-07-25
U00160,FAS055,view,1.0,2022-01-21
U00160,FAS046,view,1.0,2023-01-14
U00160,FAS039,view,1.0,2023-03-08
U00160,FAS018,view,1.0,2023-10-01
U00160,FAS002,view,1.0,2023-10-31
U00160,FAS047,buy,4.0,2024-02-06
U00160,FAS022,buy,4.0,2024-02-13
U00160,FAS016,watchlist,2.0,2024-06-14
U00161,FAS002,view,1.0,2022-06-30
U00161,FAS035,buy,4.0,2023-01-19
U00161,FAS001,watchlist,2.0,2023-07-05
U00161,FAS008,buy,4.0,2023-08-30
U00161,FAS050,watchlist,2.0,2023-10-14
U00161,FAS015,view,1.0,2023-12-13
U00161,FAS010,buy,4.0,2024-01-31
U00161,FAS046,view,1.0,2024-03-30
U00162,FAS016,watchlist,2.0,2022-04-24
U00162,FAS025,buy,4.0,2022-09-27
U00162,FAS050,view,1.0,2022-12-14
U00162,FAS003,view,1.0,2023-01-14
U00162,FAS049,watchlist,2.0,2023-01-21
U00162,FAS056,buy,4.0,2023-03-26
U00162,FAS054,view,1.0,2023-08-27
U00162,FAS032,buy,4.0,2023-08-28
U00162,FAS002,view,1.0,2023-09-25
U00162,FAS019,watchlist,2.0,2023-11-15
U00162,FAS028,view,1.0,2023-12-29
U00162,FAS021,buy,4.0,2024-01-01
U00162,FAS012,view,1.0,2024-01-06
U00162,FAS057,buy,4.0,2024-01-24
U00162,FAS038,watchlist,2.0,2024-02-03
U00162,FAS033,view,1.0,2024-05-16
U00163,FAS003,view,1.0,2022-06-18
U00163,FAS017,watchlist,2.0,2023-01-17
U00163,FAS009,view,1.0,2023-03-30
U00163,FAS039,view,1.0,2023-08-14
U00163,FAS004,watchlist,2.0,2023-09-18
U00163,FAS036,buy,4.0,2024-02-09
U00164,FAS049,view,1.0,2022-03-24
U00164,FAS018,watchlist,2.0,2022-04-01
U00164,FAS052,watchlist,2.0,2022-05-07
U00164,FAS006,watchlist,2.0,2022-09-19
U00164,FAS002,watchlist,2.0,2022-11-25
U00164,FAS045,buy,4.0,2023-03-21
U00164,FAS013,watchlist,2.0,2023-04-03
U00164,FAS050,view,1.0,2023-04-04
U00164,FAS022,watchlist,2.0,2023-05-20
U00164,FAS036,view,1.0,2023-07-23
U00164,FAS038,watchlist,2.0,2023-09-08
U00164,FAS032,view,1.0,2023-10-23
U00164,FAS033,view,1.0,2023-11-19
U00165,FAS057,view,1.0,2022-04-14
U00165,FAS015,watchlist,2.0,2022-06-29
U00165,FAS017,buy,4.0,2022-08-15
U00165,FAS043,view,1.0,2022-10-12
U00165,FAS007,watchlist,2.0,2022-11-08
U00165,FAS031,watchlist,2.0,2022-11-23
U00165,FAS023,watchlist,2.0,2023-04-08
U00165,FAS002,buy,4.0,2023-10-01
U00165,FAS026,watchlist,2.0,2023-12-22
U00165,FAS048,view,1.0,2023-12-24
U00165,FAS058,view,1.0,2024-01-08
U00165,FAS032,view,1.0,2024-03-31
U00165,FAS010,watchlist,2.0,2024-04-13
U00165,FAS004,watchlist,2.0,2024-06-02
U00165,FAS024,buy,4.0,2024-06-22
U00166,FAS042,watchlist,2.0,2022-01-13
U00166,FAS051,buy,4.0,2022-05-03
U00166,FAS054,buy,4.0,2022-07-16
U00166,FAS043,view,1.0,2023-02-14
U00166,FAS005,watchlist,2.0,2023-07-22
U00166,FAS025,buy,4.0,2023-09-27
U00166,FAS045,view,1.0,2024-04-26
U00166,FAS027,watchlist,2.0,2024-05-27
U00166,FAS017,watchlist,2.0,2024-08-23
U00166,FAS004,buy,4.0,2024-09-09
U00167,FAS024,view,1.0,2022-05-27
U00167,FAS046,watchlist,2.0,2022-07-22
U00167,FAS050,view,1.0,2022-08-11
U00167,FAS056,view,1.0,2022-11-24
U00167,FAS034,view,1.0,2023-06-21
U00167,FAS035,watchlist,2.0,2023-07-14
U00167,FAS007,view,1.0,2023-10-18
U00167,FAS015,watchlist,2.0,2023-11-12
U00167,FAS055,view,1.0,2024-02-24
U00167,FAS028,watchlist,2.0,2024-04-01
U00167,FAS031,view,1.0,2024-05-01
U00167,FAS021,view,1.0,2024-05-08
U00167,FAS004,view,1.0,2024-05-14
U00168,FAS011,watchlist,2.0,2022-11-22
U00168,FAS055,watchlist,2.0,2023-01-07
U00168,FAS034,view,1.0,2023-01-12
U00168,FAS021,watchlist,2.0,2023-03-30
U00168,FAS057,view,1.0,2023-06-19
U00168,FAS015,view,1.0,2024-05-08
U00168,FAS017,buy,4.0,2024-05-27
U00168,FAS049,view,1.0,2024-08-29
U00168,FAS027,view,1.0,2024-10-23
U00169,FAS026,view,1.0,2022-03-21
U00169,FAS056,watchlist,2.0,2022-04-18
U00169,FAS009,view,1.0,2022-07-01
U00169,FAS059,watchlist,2.0,2022-07-08
U00169,FAS043,watchlist,2.0,2022-07-10
U00169,FAS052,view,1.0,2023-01-03
U00169,FAS030,buy,4.0,2023-01-07
U00169,FAS008,watchlist,2.0,2023-07-09
U00169,FAS040,view,1.0,2023-07-14
U00169,FAS060,view,1.0,2023-08-17
U00169,FAS018,watchlist,2.0,2023-09-20
U00169,FAS048,buy,4.0,2023-10-07
U00169,FAS025,buy,4.0,2024-01-19
U00169,FAS007,buy,4.0,2024-02-28
U00170,FAS056,buy,4.0,2022-01-09
U00170,FAS031,view,1.0,2022-02-08
U00170,FAS039,watchlist,2.0,2022-04-15
U00170,FAS060,view,1.0,2022-08-08
U00170,FAS045,watchlist,2.0,2022-08-11
U00170,FAS010,view,1.0,2022-10-20
U00170,FAS015,view,1.0,2022-11-14
U00170,FAS008,view,1.0,2023-02-12
U00170,FAS033,watchlist,2.0,2023-06-09
U00170,FAS026,watchlist,2.0,2023-07-23
U00170,FAS020,buy,4.0,2023-08-12
U00170,FAS025,buy,4.0,2023-12-28
U00170,FAS047,view,1.0,2024-02-26
U00170,FAS023,watchlist,2.0,2024-05-16
U00170,FAS038,view,1.0,2024-07-23
U00170,FAS007,watchlist,2.0,2024-09-25
U00171,FAS015,watchlist,2.0,2022-02-12
U00171,FAS041,watchlist,2.0,2022-11-11
U00171,FAS037,view,1.0,2022-11-13
U00171,FAS027,view,1.0,2022-11-22
U00171,FAS042,watchlist,2.0,2022-11-25
U00171,FAS022,buy,4.0,2023-01-08
U00171,FAS004,view,1.0,2023-04-24
U00171,FAS009,buy,4.0,2023-05-10
U00171,FAS053,view,1.0,2023-06-02
U00171,FAS024,watchlist,2.0,2023-06-10
U00171,FAS034,watchlist,2.0,2023-08-06
U00171,FAS036,view,1.0,2024-04-16
U00171,FAS057,watchlist,2.0,2024-05-29
U00171,FAS039,view,1.0,2024-07-13
U00172,FAS022,buy,4.0,2022-02-25
U00172,FAS025,buy,4.0,2022-09-03
U00172,FAS058,watchlist,2.0,2022-11-19
U00172,FAS046,view,1.0,2022-11-27
U00172,FAS012,watchlist,2.0,2022-12-11
U00172,FAS035,view,1.0,2023-03-11
U00172,FAS051,watchlist,2.0,2024-01-17
U00172,FAS023,buy,4.0,2024-02-01
U00173,FAS004,buy,4.0,2022-03-24
U00173,FAS018,view,1.0,2022-04-08
U00173,FAS012,view,1.0,2022-08-04
U00173,FAS034,view,1.0,2022-08-17
U00173,FAS058,watchlist,2.0,2022-10-29
U00173,FAS055,buy,4.0,2023-03-04
U00173,FAS035,view,1.0,2023-04-02
U00173,FAS046,watchlist,2.0,2023-10-17
U00173,FAS024,buy,4.0,2023-10-21
U00173,FAS009,view,1.0,2024-01-11
U00173,FAS017,buy,4.0,2024-01-29
U00173,FAS027,view,1.0,2024-02-19
U00173,FAS005,view,1.0,2024-05-12
U00174,FAS055,view,1.0,2022-07-30
U00174,FAS019,view,1.0,2022-10-22
U00174,FAS033,view,1.0,2022-10-23
U00174,FAS028,view,1.0,2022-11-28
U00174,FAS021,watchlist,2.0,2023-01-04
U00174,FAS040,view,1.0,2023-04-08
U00174,FAS038,buy,4.0,2023-04-24
U00174,FAS047,view,1.0,2023-05-25
U00174,FAS035,view,1.0,2023-08-03
U00174,FAS049,watchlist,2.0,2023-12-05
U00174,FAS046,buy,4.0,2023-12-10
U00175,FAS049,view,1.0,2022-09-07
U00175,FAS047,watchlist,2.0,2022-09-19
U00175,FAS055,view,1.0,2022-12-12
U00175,FAS051,watchlist,2.0,2023-04-15
U00175,FAS012,buy,4.0,2023-06-21
U00175,FAS030,buy,4.0,2023-07-12
U00176,FAS003,view,1.0,2022-01-04
U00176,FAS043,view,1.0,2022-02-12
U00176,FAS010,watchlist,2.0,2022-03-07
U00176,FAS036,buy,4.0,2022-03-09
U00176,FAS048,watchlist,2.0,2022-04-17
U00176,FAS018,watchlist,2.0,2022-06-30
U00176,FAS029,watchlist,2.0,2022-09-06
U00176,FAS024,view,1.0,2022-09-10
U00176,FAS008,watchlist,2.0,2023-02-06
U00176,FAS031,buy,4.0,2023-06-22
U00176,FAS051,buy,4.0,2023-07-28
U00176,FAS047,watchlist,2.0,2023-10-10
U00176,FAS004,view,1.0,2023-12-25
U00176,FAS045,buy,4.0,2024-01-08
U00176,FAS019,view,1.0,2024-04-28
U00176,FAS054,watchlist,2.0,2024-06-08
U00177,FAS048,buy,4.0,2022-01-30
U00177,FAS027,view,1.0,2022-01-31
U00177,FAS025,buy,4.0,2022-03-29
U00177,FAS036,watchlist,2.0,2022-10-15
U00177,FAS024,watchlist,2.0,2022-10-17
U00177,FAS035,watchlist,2.0,2022-11-26
U00177,FAS033,view,1.0,2022-12-15
U00177,FAS021,view,1.0,2023-02-23
U00177,FAS023,watchlist,2.0,2023-03-13
U00177,FAS045,watchlist,2.0,2023-12-15
U00177,FAS030,watchlist,2.0,2023-12-21
U00177,FAS006,view,1.0,2024-01-15
U00177,FAS010,view,1.0,2024-02-21
U00177,FAS005,watchlist,2.0,2024-05-06
U00178,FAS055,watchlist,2.0,2022-02-02
U00178,FAS005,watchlist,2.0,2022-09-19
U00178,FAS025,view,1.0,2022-12-10
U00178,FAS002,view,1.0,2023-04-01
U00178,FAS031,watchlist,2.0,2023-07-28
U00178,FAS053,view,1.0,2024-01-29
U00178,FAS008,buy,4.0,2024-05-08
U00178,FAS020,buy,4.0,2024-05-22
U00179,FAS034,view,1.0,2022-03-01
U00179,FAS050,buy,4.0,2022-09-19
U00179,FAS021,view,1.0,2022-10-11
U00179,FAS023,watchlist,2.0,2022-12-30
U00179,FAS030,watchlist,2.0,2023-07-24
U00179,FAS009,view,1.0,2023-08-13
U00179,FAS032,watchlist,2.0,2023-08-16
U00179,FAS058,view,1.0,2024-03-28
U00180,FAS039,watchlist,2.0,2022-07-20
U00180,FAS002,watchlist,2.0,2022-09-22
U00180,FAS046,view,1.0,2022-10-28
U00180,FAS040,view,1.0,2023-08-17
U00180,FAS024,watchlist,2.0,2023-09-09
U00180,FAS009,buy,4.0,2023-10-11
U00181,FAS046,view,1.0,2022-09-08
U00181,FAS014,view,1.0,2023-01-05
U00181,FAS016,watchlist,2.0,2023-01-10
U00181,FAS038,view,1.0,2023-06-02
U00181,FAS018,watchlist,2.0,2023-07-07
U00181,FAS026,watchlist,2.0,2023-07-08
U00181,FAS060,watchlist,2.0,2023-09-22
U00181,FAS039,view,1.0,2023-10-08
U00181,FAS011,watchlist,2.0,2023-11-25
U00182,FAS040,watchlist,2.0,2022-01-18
U00182,FAS005,view,1.0,2022-01-29
U00182,FAS043,watchlist,2.0,2022-02-18
U00182,FAS055,watchlist,2.0,2022-08-13
U00182,FAS052,view,1.0,2023-01-19
U00182,FAS012,watchlist,2.0,2023-03-21
U00182,FAS042,buy,4.0,2023-05-04
U00182,FAS010,view,1.0,2023-07-26
U00182,FAS025,view,1.0,2023-10-08
U00182,FAS024,watchlist,2.0,2024-01-17
U00182,FAS033,buy,4.0,2024-01-29
U00182,FAS014,view,1.0,2024-02-12
U00182,FAS023,view,1.0,2024-04-09
U00182,FAS013,buy,4.0,2024-05-12
U00182,FAS009,watchlist,2.0,2024-06-16
U00182,FAS031,view,1.0,2024-10-23
U00183,FAS050,buy,4.0,2022-02-27
U00183,FAS060,view,1.0,2022-09-01
U00183,FAS021,watchlist,2.0,2022-11-28
U00183,FAS013,view,1.0,2023-01-09
U00183,FAS036,view,1.0,2023-01-22
U00183,FAS059,watchlist,2.0,2023-03-05
U00183,FAS003,buy,4.0,2023-03-19
U00183,FAS057,watchlist,2.0,2023-07-11
U00183,FAS012,buy,4.0,2023-07-12
U00183,FAS049,view,1.0,2023-08-07
U00183,FAS015,buy,4.0,2023-11-02
U00183,FAS034,watchlist,2.0,2024-01-05
U00183,FAS022,view,1.0,2024-01-28
U00183,FAS040,watchlist,2.0,2024-02-18
U00183,FAS029,buy,4.0,2024-07-21
U00184,FAS055,view,1.0,2022-01-14
U00184,FAS025,buy,4.0,2022-01-20
U00184,FAS012,watchlist,2.0,2022-04-05
U00184,FAS057,view,1.0,2022-04-29
U00184,FAS010,view,1.0,2022-05-10
U00184,FAS016,watchlist,2.0,2022-08-27
U00184,FAS007,watchlist,2.0,2022-09-28
U00184,FAS056,view,1.0,2022-11-15
U00184,FAS017,buy,4.0,2023-03-28
U00184,FAS051,buy,4.0,2023-05-05
U00184,FAS047,view,1.0,2023-08-29
U00184,FAS024,view,1.0,2023-09-01
U00185,FAS045,watchlist,2.0,2022-04-22
U00185,FAS046,watchlist,2.0,2022-06-04
U00185,FAS059,view,1.0,2022-06-22
U00185,FAS038,watchlist,2.0,2022-12-18
U00185,FAS028,view,1.0,2023-03-09
U00185,FAS011,watchlist,2.0,2023-06-22
U00185,FAS021,buy,4.0,2023-09-05
U00185,FAS017,buy,4.0,2023-12-13
U00185,FAS008,buy,4.0,2024-05-11
U00186,FAS034,view,1.0,2022-01-21
U00186,FAS009,view,1.0,2022-04-18
U00186,FAS025,watchlist,2.0,2022-09-13
U00186,FAS046,buy,4.0,2023-06-13
U00186,FAS026,watchlist,2.0,2023-07-26
U00186,FAS033,view,1.0,2023-11-21
U00186,FAS024,watchlist,2.0,2023-11-25
U00186,FAS006,view,1.0,2024-04-25
U00187,FAS055,buy,4.0,2022-02-13
U00187,FAS051,view,1.0,2022-04-12
U00187,FAS020,view,1.0,2022-04-24
U00187,FAS007,watchlist,2.0,2022-07-11
U00187,FAS031,buy,4.0,2022-09-05
U00187,FAS008,view,1.0,2022-09-15
U00187,FAS005,view,1.0,2023-03-23
U00187,FAS013,view,1.0,2023-04-18
U00187,FAS018,watchlist,2.0,2023-05-25
U00187,FAS001,view,1.0,2023-07-18
U00187,FAS016,watchlist,2.0,2023-08-16
U00187,FAS027,buy,4.0,2023-09-26
U00187,FAS043,view,1.0,2023-10-30
U00187,FAS004,view,1.0,2024-02-24
U00188,FAS038,view,1.0,2022-01-27
U00188,FAS057,buy,4.0,2022-03-31
U00188,FAS016,buy,4.0,2022-04-27
U00188,FAS007,watchlist,2.0,2022-06-07
U00188,FAS014,view,1.0,2022-09-14
U00188,FAS056,watchlist,2.0,2022-12-18
U00188,FAS058,buy,4.0,2023-02-16
U00188,FAS022,view,1.0,2023-04-25
U00188,FAS001,watchlist,2.0,2023-09-05
U00188,FAS025,watchlist,2.0,2023-10-10
U00188,FAS040,view,1.0,2023-10-30
U00188,FAS042,view,1.0,2024-01-09
U00188,FAS004,watchlist,2.0,2024-04-12
U00188,FAS043,buy,4.0,2024-05-01
U00188,FAS060,view,1.0,2024-07-01
U00188,FAS010,view,1.0,2024-11-13
U00189,FAS046,view,1.0,2022-02-05
U00189,FAS059,view,1.0,2022-03-21
U00189,FAS045,view,1.0,2022-05-31
U00189,FAS005,watchlist,2.0,2022-07-14
U00189,FAS043,view,1.0,2022-07-22
U00189,FAS027,watchlist,2.0,2022-08-08
U00189,FAS001,view,1.0,2022-10-08
U00189,FAS019,view,1.0,2023-01-08
U00189,FAS058,view,1.0,2023-02-28
U00189,FAS052,view,1.0,2023-03-17
U00189,FAS020,view,1.0,2023-06-10
U00189,FAS029,view,1.0,2024-02-18
U00189,FAS003,watchlist,2.0,2024-03-19
U00189,FAS002,watchlist,2.0,2024-05-28
U00190,FAS035,buy,4.0,2022-03-24
U00190,FAS020,view,1.0,2022-04-23
U00190,FAS046,view,1.0,2022-09-30
U00190,FAS014,buy,4.0,2023-02-19
U00190,FAS015,buy,4.0,2023-05-25
U00190,FAS036,view,1.0,2023-06-02
U00190,FAS057,view,1.0,2023-09-28
U00191,FAS014,watchlist,2.0,2022-01-30
U00191,FAS003,watchlist,2.0,2022-02-22
U00191,FAS056,buy,4.0,2022-06-24
U00191,FAS051,view,1.0,2022-08-20
U00191,FAS012,buy,4.0,2022-09-04
U00191,FAS038,buy,4.0,2022-12-18
U00191,FAS016,view,1.0,2023-01-25
U00191,FAS032,buy,4.0,2023-03-12
U00191,FAS019,watchlist,2.0,2023-10-10
U00191,FAS049,watchlist,2.0,2023-12-24
U00192,FAS022,watchlist,2.0,2022-01-04
U00192,FAS018,buy,4.0,2022-02-06
U00192,FAS036,view,1.0,2022-11-14
U00192,FAS056,view,1.0,2023-03-26
U00192,FAS045,view,1.0,2023-09-06
U00192,FAS016,watchlist,2.0,2024-01-19
U00193,FAS017,buy,4.0,2022-01-24
U00193,FAS038,view,1.0,2022-02-07
U00193,FAS030,buy,4.0,2022-08-01
U00193,FAS032,view,1.0,2022-09-26
U00193,FAS001,view,1.0,2022-11-06
U00193,FAS011,buy,4.0,2022-12-07
U00193,FAS007,watchlist,2.0,2022-12-22
U00193,FAS004,view,1.0,2023-06-13
U00193,FAS026,watchlist,2.0,2023-07-31
U00193,FAS029,view,1.0,2023-11-15
U00194,FAS033,view,1.0,2022-05-27
U00194,FAS027,watchlist,2.0,2022-12-31
U00194,FAS028,watchlist,2.0,2023-01-03
U00194,FAS009,buy,4.0,2023-01-18
U00194,FAS004,view,1.0,2023-02-19
U00194,FAS022,watchlist,2.0,2023-03-09
U00194,FAS031,view,1.0,2023-05-07
U00194,FAS055,buy,4.0,2023-05-26
U00194,FAS041,view,1.0,2023-08-08
U00194,FAS023,watchlist,2.0,2024-01-31
U00194,FAS015,watchlist,2.0,2024-02-08
U00194,FAS001,buy,4.0,2024-02-21
U00194,FAS054,watchlist,2.0,2024-07-24
U00194,FAS008,watchlist,2.0,2024-08-18
U00195,FAS012,buy,4.0,2022-03-25
U00195,FAS017,buy,4.0,2023-03-24
U00195,FAS046,view,1.0,2023-04-03
U00195,FAS034,view,1.0,2023-05-20
U00195,FAS032,view,1.0,2023-08-01
U00195,FAS029,buy,4.0,2023-09-04
U00195,FAS035,watchlist,2.0,2024-02-18
U00195,FAS013,buy,4.0,2024-03-24
U00195,FAS043,view,1.0,2024-04-06
U00196,FAS032,buy,4.0,2022-01-22
U00196,FAS006,view,1.0,2022-01-26
U00196,FAS016,view,1.0,2022-01-30
U00196,FAS028,view,1.0,2022-05-25
U00196,FAS050,watchlist,2.0,2022-06-10
U00196,FAS037,watchlist,2.0,2022-06-26
U00196,FAS039,view,1.0,2022-10-30
U00196,FAS022,view,1.0,2023-02-22
U00196,FAS002,watchlist,2.0,2023-06-11
U00196,FAS027,buy,4.0,2023-10-23
U00196,FAS044,view,1.0,2023-11-26
U00196,FAS012,view,1.0,2024-02-14
U00196,FAS051,watchlist,2.0,2024-02-15
U00196,FAS018,buy,4.0,2024-04-23
U00196,FAS056,view,1.0,2024-05-07
U00197,FAS060,view,1.0,2022-04-14
U00197,FAS002,watchlist,2.0,2023-03-29
U00197,FAS049,buy,4.0,2023-05-19
U00197,FAS035,buy,4.0,2023-07-03
U00197,FAS054,view,1.0,2023-08-05
U00197,FAS042,view,1.0,2023-10-17
U00197,FAS043,view,1.0,2024-01-14
U00197,FAS007,buy,4.0,2024-05-20
U00197,FAS044,watchlist,2.0,2024-05-27
U00197,FAS030,view,1.0,2024-05-29
U00197,FAS051,view,1.0,2024-06-12
U00197,FAS024,buy,4.0,2024-09-08
U00197,FAS036,view,1.0,2024-10-03
U00198,FAS005,view,1.0,2022-01-24
U00198,FAS042,buy,4.0,2022-04-14
U00198,FAS010,view,1.0,2022-05-13
U00198,FAS026,buy,4.0,2022-07-28
U00198,FAS037,watchlist,2.0,2022-09-07
U00198,FAS050,watchlist,2.0,2023-01-01
U00198,FAS006,view,1.0,2023-01-21
U00198,FAS038,view,1.0,2023-02-20
U00198,FAS028,buy,4.0,2023-09-30
U00198,FAS047,view,1.0,2023-10-12
U00199,FAS040,view,1.0,2022-09-13
U00199,FAS020,view,1.0,2022-09-30
U00199,FAS035,buy,4.0,2022-10-10
U00199,FAS055,watchlist,2.0,2023-02-08
U00199,FAS028,watchlist,2.0,2023-10-02
U00199,FAS031,watchlist,2.0,2023-10-05
U00199,FAS052,buy,4.0,2024-05-02
U00199,FAS032,view,1.0,2024-05-11
U00199,FAS003,view,1.0,2024-06-25
U00199,FAS033,view,1.0,2024-07-16
U00200,FAS010,watchlist,2.0,2022-01-18
U00200,FAS006,watchlist,2.0,2022-05-11
U00200,FAS048,watchlist,2.0,2022-09-18
U00200,FAS001,watchlist,2.0,2022-11-07
U00200,FAS051,watchlist,2.0,2023-04-24
U00200,FAS045,watchlist,2.0,2023-12-01
U00200,FAS059,watchlist,2.0,2023-12-21
U00201,FAS053,watchlist,2.0,2022-02-06
U00201,FAS037,watchlist,2.0,2022-03-06
U00201,FAS050,watchlist,2.0,2022-03-29
U00201,FAS022,view,1.0,2022-05-23
U00201,FAS035,view,1.0,2022-09-24
U00201,FAS032,watchlist,2.0,2022-12-13
U00201,FAS046,watchlist,2.0,2023-04-24
U00201,FAS049,buy,4.0,2023-05-03
U00201,FAS051,view,1.0,2023-10-09
U00201,FAS048,buy,4.0,2023-10-27
U00201,FAS006,buy,4.0,2023-12-20
U00201,FAS044,buy,4.0,2023-12-24
U00201,FAS047,view,1.0,2024-04-07
U00201,FAS001,watchlist,2.0,2024-05-24
U00202,FAS043,view,1.0,2022-03-05
U00202,FAS059,watchlist,2.0,2022-10-10
U00202,FAS010,buy,4.0,2022-11-29
U00202,FAS026,watchlist,2.0,2023-02-03
U00202,FAS049,watchlist,2.0,2023-02-05
U00202,FAS011,watchlist,2.0,2023-02-12
U00202,FAS060,watchlist,2.0,2023-03-15
U00202,FAS039,watchlist,2.0,2023-05-30
U00202,FAS003,watchlist,2.0,2023-09-06
U00202,FAS002,watchlist,2.0,2024-03-30
U00202,FAS015,watchlist,2.0,2024-04-18
U00202,FAS037,view,1.0,2024-06-04
U00202,FAS052,buy,4.0,2024-09-24
U00202,FAS028,watchlist,2.0,2024-09-29
U00202,FAS054,watchlist,2.0,2024-10-12
U00203,FAS019,view,1.0,2022-02-26
U00203,FAS057,buy,4.0,2022-05-08
U00203,FAS048,watchlist,2.0,2022-11-26
U00203,FAS052,view,1.0,2023-02-04
U00203,FAS027,watchlist,2.0,2023-03-14
U00203,FAS054,view,1.0,2023-03-30
U00203,FAS009,watchlist,2.0,2023-09-12
U00203,FAS041,watchlist,2.0,2024-01-27
U00203,FAS036,view,1.0,2024-08-03
U00203,FAS043,buy,4.0,2024-08-07
U00204,FAS010,watchlist,2.0,2022-01-26
U00204,FAS008,view,1.0,2022-04-25
U00204,FAS045,watchlist,2.0,2022-11-01
U00204,FAS048,watchlist,2.0,2022-11-03
U00204,FAS031,view,1.0,2022-12-22
U00204,FAS016,view,1.0,2023-02-11
U00204,FAS026,view,1.0,2023-05-02
U00204,FAS020,watchlist,2.0,2024-01-24
U00204,FAS007,view,1.0,2024-01-27
U00204,FAS001,buy,4.0,2024-02-26
U00204,FAS050,watchlist,2.0,2024-02-29
U00204,FAS053,view,1.0,2024-03-23
U00204,FAS023,buy,4.0,2024-05-08
U00204,FAS009,watchlist,2.0,2024-09-06
U00204,FAS004,view,1.0,2024-10-14
U00204,FAS022,watchlist,2.0,2024-10-31
U00205,FAS040,view,1.0,2022-03-04
U00205,FAS041,view,1.0,2022-07-04
U00205,FAS037,buy,4.0,2022-11-21
U00205,FAS028,watchlist,2.0,2023-01-16
U00205,FAS021,buy,4.0,2023-03-08
U00205,FAS034,watchlist,2.0,2023-03-13
U00205,FAS001,view,1.0,2023-03-29
U00205,FAS022,watchlist,2.0,2023-06-03
U00205,FAS019,view,1.0,2023-06-14
U00205,FAS006,watchlist,2.0,2023-07-16
U00205,FAS014,watchlist,2.0,2023-10-02
U00205,FAS050,watchlist,2.0,2024-01-07
U00205,FAS044,buy,4.0,2024-03-26
U00205,FAS015,view,1.0,2024-04-17
U00206,FAS032,view,1.0,2022-02-17
U00206,FAS002,buy,4.0,2022-02-27
U00206,FAS017,watchlist,2.0,2022-07-14
U00206,FAS025,buy,4.0,2022-08-19
U00206,FAS045,watchlist,2.0,2022-09-08
U00206,FAS029,watchlist,2.0,2022-09-19
U00206,FAS046,view,1.0,2022-11-17
U00206,FAS057,view,1.0,2022-12-24
U00206,FAS033,view,1.0,2023-02-09
U00206,FAS049,watchlist,2.0,2023-04-20
U00206,FAS003,buy,4.0,2023-08-08
U00206,FAS016,view,1.0,2023-09-01
U00206,FAS027,buy,4.0,2024-03-14
U00206,FAS043,view,1.0,2024-04-07
U00207,FAS005,watchlist,2.0,2022-05-01
U00207,FAS042,view,1.0,2022-10-07
U00207,FAS015,buy,4.0,2022-10-29
U00207,FAS004,view,1.0,2022-11-18
U00207,FAS041,watchlist,2.0,2023-03-02
U00207,FAS055,view,1.0,2023-07-18
U00207,FAS060,view,1.0,2023-09-04
U00207,FAS045,buy,4.0,2023-09-19
U00207,FAS002,watchlist,2.0,2023-09-25
U00207,FAS008,watchlist,2.0,2023-11-26
U00207,FAS019,view,1.0,2024-01-11
U00207,FAS057,watchlist,2.0,2024-05-07
U00208,FAS046,view,1.0,2022-04-25
U00208,FAS026,watchlist,2.0,2022-05-11
U00208,FAS010,watchlist,2.0,2022-10-16
U00208,FAS012,buy,4.0,2022-11-25
U00208,FAS043,view,1.0,2022-12-18
U00208,FAS006,watchlist,2.0,2023-01-09
U00208,FAS024,view,1.0,2023-02-02
U00208,FAS057,buy,4.0,2023-04-06
U00208,FAS049,buy,4.0,2023-09-07
U00208,FAS035,view,1.0,2024-02-05
U00208,FAS036,buy,4.0,2024-02-18
U00209,FAS022,watchlist,2.0,2022-01-19
U00209,FAS010,watchlist,2.0,2022-03-16
U00209,FAS015,watchlist,2.0,2022-04-14
U00209,FAS012,buy,4.0,2022-04-17
U00209,FAS001,watchlist,2.0,2022-11-05
U00209,FAS023,view,1.0,2022-12-17
U00209,FAS046,watchlist,2.0,2023-02-24
U00209,FAS026,view,1.0,2023-03-08
U00209,FAS014,watchlist,2.0,2023-04-14
U00209,FAS060,watchlist,2.0,2023-05-08
U00209,FAS007,buy,4.0,2023-06-16
U00210,FAS059,view,1.0,2022-01-04
U00210,FAS035,view,1.0,2022-03-13
U00210,FAS048,buy,4.0,2022-05-25
U00210,FAS023,watchlist,2.0,2022-08-23
U00210,FAS010,view,1.0,2022-09-02
U00210,FAS022,view,1.0,2022-09-20
U00210,FAS052,watchlist,2.0,2023-01-14
U00210,FAS014,view,1.0,2023-03-09
U00210,FAS060,view,1.0,2023-03-31
U00210,FAS009,watchlist,2.0,2024-01-28
U00210,FAS006,view,1.0,2024-07-07
U00211,FAS050,buy,4.0,2022-01-05
U00211,FAS022,buy,4.0,2022-07-09
U00211,FAS044,view,1.0,2022-07-10
U00211,FAS052,buy,4.0,2022-08-22
U00211,FAS033,view,1.0,2022-08-28
U00211,FAS040,watchlist,2.0,2022-11-07
U00211,FAS006,view,1.0,2023-04-07
U00211,FAS053,view,1.0,2023-04-15
U00211,FAS025,view,1.0,2023-05-01
U00211,FAS024,view,1.0,2023-08-02
U00211,FAS042,view,1.0,2023-08-23
U00211,FAS060,buy,4.0,2023-11-01
U00211,FAS049,buy,4.0,2023-11-05
U00211,FAS043,view,1.0,2023-12-21
U00211,FAS028,watchlist,2.0,2024-05-31
U00211,FAS048,view,1.0,2024-07-10
U00212,FAS023,watchlist,2.0,2022-03-16
U00212,FAS038,view,1.0,2022-03-24
U00212,FAS015,view,1.0,2022-05-17
U00212,FAS025,view,1.0,2022-05-18
U00212,FAS050,view,1.0,2022-06-05
U00212,FAS002,view,1.0,2022-10-30
U00212,FAS028,view,1.0,2022-12-06
U00212,FAS018,buy,4.0,2023-03-24
U00212,FAS013,watchlist,2.0,2023-04-04
U00212,FAS037,watchlist,2.0,2023-04-24
U00212,FAS019,watchlist,2.0,2023-09-02
U00212,FAS003,view,1.0,2024-01-16
U00212,FAS056,view,1.0,2024-04-18
U00212,FAS005,view,1.0,2024-07-17
U00212,FAS024,buy,4.0,2024-08-02
U00213,FAS018,buy,4.0,2022-12-15
U00213,FAS007,watchlist,2.0,2023-02-04
U00213,FAS046,buy,4.0,2023-03-27
U00213,FAS035,watchlist,2.0,2023-09-27
U00213,FAS045,watchlist,2.0,2024-06-12
U00213,FAS034,view,1.0,2024-06-30
U00214,FAS029,watchlist,2.0,2022-02-11
U00214,FAS056,view,1.0,2022-07-08
U00214,FAS042,watchlist,2.0,2022-08-27
U00214,FAS034,view,1.0,2022-11-05
U00214,FAS051,view,1.0,2022-12-29
U00214,FAS050,buy,4.0,2023-04-03
U00214,FAS014,view,1.0,2023-04-19
U00214,FAS028,buy,4.0,2023-07-04
U00214,FAS047,view,1.0,2023-07-12
U00214,FAS019,watchlist,2.0,2023-10-23
U00215,FAS025,view,1.0,2022-05-11
U00215,FAS027,view,1.0,2022-09-22
U00215,FAS014,view,1.0,2023-02-24
U00215,FAS042,view,1.0,2023-08-12
U00215,FAS010,view,1.0,2023-10-02
U00215,FAS019,buy,4.0,2023-12-29
U00215,FAS004,buy,4.0,2024-03-14
U00215,FAS002,view,1.0,2024-03-26
U00215,FAS023,buy,4.0,2024-05-22
U00215,FAS034,view,1.0,2024-07-13
U00215,FAS050,view,1.0,2024-08-07
U00215,FAS045,view,1.0,2024-08-26
U00215,FAS049,view,1.0,2024-09-07
U00215,FAS052,view,1.0,2024-09-17
U00215,FAS059,buy,4.0,2024-10-06
U00216,FAS010,buy,4.0,2022-01-08
U00216,FAS009,buy,4.0,2023-03-12
U00216,FAS017,watchlist,2.0,2023-06-06
U00216,FAS045,watchlist,2.0,2023-07-22
U00216,FAS039,watchlist,2.0,2023-11-22
U00216,FAS019,watchlist,2.0,2023-12-04
U00216,FAS015,watchlist,2.0,2024-04-18
U00216,FAS052,watchlist,2.0,2024-06-28
U00217,FAS046,watchlist,2.0,2022-01-14
U00217,FAS034,watchlist,2.0,2022-02-07
U00217,FAS044,buy,4.0,2022-07-17
U00217,FAS025,view,1.0,2022-10-02
U00217,FAS028,watchlist,2.0,2022-10-30
U00217,FAS003,watchlist,2.0,2023-02-26
U00217,FAS035,watchlist,2.0,2023-03-05
U00217,FAS012,watchlist,2.0,2023-03-06
U00217,FAS018,view,1.0,2023-03-11
U00217,FAS037,watchlist,2.0,2023-04-12
U00217,FAS060,view,1.0,2023-05-25
U00217,FAS021,watchlist,2.0,2023-06-20
U00217,FAS022,watchlist,2.0,2023-08-19
U00217,FAS057,view,1.0,2023-10-02
U00217,FAS059,view,1.0,2023-10-30
U00217,FAS043,view,1.0,2024-02-18
U00218,FAS049,watchlist,2.0,2022-04-14
U00218,FAS026,view,1.0,2022-06-09
U00218,FAS023,watchlist,2.0,2022-06-24
U00218,FAS035,view,1.0,2022-07-02
U00218,FAS020,view,1.0,2022-09-19
U00218,FAS038,buy,4.0,2022-11-24
U00218,FAS007,watchlist,2.0,2023-03-05
U00218,FAS043,view,1.0,2023-03-12
U00218,FAS048,buy,4.0,2023-07-30
U00218,FAS002,watchlist,2.0,2023-11-09
U00218,FAS059,view,1.0,2023-11-16
U00218,FAS005,watchlist,2.0,2023-12-04
U00218,FAS003,buy,4.0,2024-01-04
U00218,FAS016,buy,4.0,2024-02-15
U00218,FAS008,buy,4.0,2024-05-29
U00219,FAS027,view,1.0,2022-01-25
U00219,FAS019,buy,4.0,2022-02-03
U00219,FAS003,view,1.0,2022-03-24
U00219,FAS023,buy,4.0,2022-05-14
U00219,FAS047,buy,4.0,2022-08-02
U00219,FAS017,view,1.0,2023-01-18
U00219,FAS059,watchlist,2.0,2023-12-01
U00220,FAS043,view,1.0,2022-01-21
U00220,FAS060,buy,4.0,2022-04-01
U00220,FAS048,view,1.0,2022-04-23
U00220,FAS023,view,1.0,2022-05-04
U00220,FAS032,buy,4.0,2022-08-26
U00220,FAS022,buy,4.0,2022-09-17
U00220,FAS001,view,1.0,2023-02-05
U00220,FAS058,buy,4.0,2023-03-08
U00220,FAS052,watchlist,2.0,2023-08-03
U00220,FAS021,view,1.0,2023-08-05
U00220,FAS024,view,1.0,2024-01-13
U00220,FAS009,view,1.0,2024-01-22
U00221,FAS042,watchlist,2.0,2022-07-30
U00221,FAS026,view,1.0,2022-09-12
U00221,FAS052,watchlist,2.0,2022-12-09
U00221,FAS045,watchlist,2.0,2023-03-10
U00221,FAS034,buy,4.0,2023-06-15
U00221,FAS012,view,1.0,2023-09-25
U00221,FAS007,watchlist,2.0,2024-02-20
U00222,FAS035,buy,4.0,2022-03-06
U00222,FAS004,view,1.0,2022-04-02
U00222,FAS039,watchlist,2.0,2022-06-04
U00222,FAS007,view,1.0,2022-10-26
U00222,FAS032,view,1.0,2023-03-18
U00222,FAS049,watchlist,2.0,2023-06-07
U00222,FAS022,watchlist,2.0,2023-06-28
U00222,FAS034,buy,4.0,2023-07-25
U00222,FAS026,watchlist,2.0,2023-10-10
U00222,FAS051,view,1.0,2024-03-07
U00222,FAS027,view,1.0,2024-08-09
U00223,FAS056,buy,4.0,2022-03-06
U00223,FAS039,view,1.0,2022-08-03
U00223,FAS055,watchlist,2.0,2022-10-04
U00223,FAS058,watchlist,2.0,2023-08-20
U00223,FAS010,watchlist,2.0,2024-06-25
U00223,FAS017,view,1.0,2024-07-05
U00224,FAS047,view,1.0,2022-01-12
U00224,FAS012,watchlist,2.0,2022-08-07
U00224,FAS032,view,1.0,2022-08-17
U00224,FAS056,view,1.0,2022-11-09
U00224,FAS030,watchlist,2.0,2022-11-13
U00224,FAS014,view,1.0,2022-12-11
U00224,FAS035,view,1.0,2023-03-21
U00224,FAS044,buy,4.0,2023-09-10
U00224,FAS034,watchlist,2.0,2023-09-23
U00224,FAS004,watchlist,2.0,2023-10-21
U00224,FAS022,buy,4.0,2023-12-09
U00224,FAS051,watchlist,2.0,2023-12-19
U00225,FAS011,view,1.0,2022-01-02
U00225,FAS032,view,1.0,2022-03-05
U00225,FAS052,watchlist,2.0,2022-03-12
U00225,FAS059,view,1.0,2022-08-03
U00225,FAS002,watchlist,2.0,2022-08-27
U00225,FAS023,view,1.0,2022-11-18
U00225,FAS026,view,1.0,2023-02-02
U00225,FAS043,buy,4.0,2023-04-28
U00225,FAS028,view,1.0,2023-07-07
U00225,FAS041,buy,4.0,2023-07-12
U00225,FAS030,watchlist,2.0,2023-08-12
U00225,FAS009,buy,4.0,2023-11-21
U00226,FAS054,buy,4.0,2022-01-09
U00226,FAS024,view,1.0,2022-01-24
U00226,FAS048,watchlist,2.0,2022-04-30
U00226,FAS057,view,1.0,2022-05-18
U00226,FAS043,view,1.0,2022-05-20
U00226,FAS050,view,1.0,2023-02-14
U00226,FAS031,view,1.0,2023-02-25
U00226,FAS059,view,1.0,2023-03-08
U00226,FAS049,watchlist,2.0,2023-04-08
U00226,FAS047,watchlist,2.0,2023-05-09
U00226,FAS055,view,1.0,2023-07-27
U00226,FAS002,view,1.0,2023-11-12
U00226,FAS046,watchlist,2.0,2023-11-20
U00226,FAS016,view,1.0,2023-12-26
U00226,FAS042,watchlist,2.0,2024-02-26
U00226,FAS020,buy,4.0,2024-05-20
U00227,FAS028,view,1.0,2022-06-24
U00227,FAS050,buy,4.0,2023-02-11
U00227,FAS030,watchlist,2.0,2023-05-26
U00227,FAS039,buy,4.0,2023-07-22
U00227,FAS044,watchlist,2.0,2023-10-23
U00227,FAS008,buy,4.0,2023-11-27
U00228,FAS015,watchlist,2.0,2022-07-14
U00228,FAS016,watchlist,2.0,2022-07-19
U00228,FAS024,view,1.0,2022-11-14
U00228,FAS025,buy,4.0,2023-01-14
U00228,FAS043,view,1.0,2023-02-25
U00228,FAS046,buy,4.0,2023-09-02
U00229,FAS057,view,1.0,2022-02-13
U00229,FAS001,view,1.0,2022-06-15
U00229,FAS040,watchlist,2.0,2022-11-06
U00229,FAS043,buy,4.0,2022-12-05
U00229,FAS025,view,1.0,2023-03-21
U00229,FAS027,view,1.0,2023-04-12
U00229,FAS026,view,1.0,2023-05-06
U00229,FAS049,view,1.0,2023-07-20
U00229,FAS059,view,1.0,2023-10-31
U00229,FAS015,watchlist,2.0,2024-01-05
U00229,FAS035,watchlist,2.0,2024-02-12
U00229,FAS050,view,1.0,2024-02-23
U00229,FAS036,view,1.0,2024-04-24
U00229,FAS008,watchlist,2.0,2024-08-05
U00230,FAS037,watchlist,2.0,2022-03-05
U00230,FAS038,buy,4.0,2022-03-07
U00230,FAS050,view,1.0,2022-04-26
U00230,FAS045,view,1.0,2022-05-14
U00230,FAS051,view,1.0,2022-11-15
U00230,FAS014,view,1.0,2023-09-16
U00230,FAS002,view,1.0,2024-01-02
U00231,FAS022,view,1.0,2022-02-17
U00231,FAS044,view,1.0,2022-03-22
U00231,FAS016,view,1.0,2022-04-24
U00231,FAS025,watchlist,2.0,2022-07-28
U00231,FAS038,view,1.0,2022-09-06
U00231,FAS018,buy,4.0,2022-11-07
U00231,FAS037,buy,4.0,2022-11-19
U00231,FAS004,watchlist,2.0,2022-11-28
U00231,FAS017,watchlist,2.0,2022-12-13
U00231,FAS014,view,1.0,2023-02-26
U00231,FAS055,view,1.0,2023-04-25
U00231,FAS028,view,1.0,2023-04-26
U00231,FAS060,buy,4.0,2023-09-20
U00231,FAS042,view,1.0,2024-01-18
U00232,FAS058,buy,4.0,2022-09-12
U00232,FAS020,view,1.0,2022-11-28
U00232,FAS051,buy,4.0,2022-12-01
U00232,FAS003,view,1.0,2023-01-21
U00232,FAS039,watchlist,2.0,2023-04-24
U00232,FAS030,buy,4.0,2023-12-05
U00232,FAS027,view,1.0,2024-01-01
U00232,FAS005,watchlist,2.0,2024-02-25
U00232,FAS040,watchlist,2.0,2024-03-09
U00232,FAS047,watchlist,2.0,2024-06-20
U00233,FAS047,watchlist,2.0,2022-01-24
U00233,FAS013,view,1.0,2022-03-06
U00233,FAS040,view,1.0,2022-04-01
U00233,FAS032,view,1.0,2022-06-07
U00233,FAS003,view,1.0,2023-01-11
U00233,FAS006,watchlist,2.0,2023-02-11
U00233,FAS020,watchlist,2.0,2023-02-20
U00233,FAS041,view,1.0,2023-09-11
U00233,FAS027,view,1.0,2023-10-28
U00233,FAS039,watchlist,2.0,2023-12-01
U00233,FAS025,watchlist,2.0,2024-02-01
U00233,FAS035,buy,4.0,2024-03-19
U00233,FAS050,buy,4.0,2024-06-27
U00233,FAS053,watchlist,2.0,2024-10-13
U00233,FAS057,watchlist,2.0,2024-10-18
U00233,FAS017,view,1.0,2024-10-26
U00234,FAS050,buy,4.0,2022-04-04
U00234,FAS025,view,1.0,2022-04-29
U00234,FAS026,watchlist,2.0,2022-09-13
U00234,FAS042,watchlist,2.0,2022-10-22
U00234,FAS002,buy,4.0,2022-11-17
U00234,FAS027,watchlist,2.0,2023-09-02
U00234,FAS058,watchlist,2.0,2024-01-20
U00235,FAS023,view,1.0,2022-01-22
U00235,FAS024,view,1.0,2022-05-03
U00235,FAS032,watchlist,2.0,2022-05-31
U00235,FAS044,view,1.0,2022-06-26
U00235,FAS043,view,1.0,2023-03-28
U00235,FAS031,buy,4.0,2023-07-28
U00235,FAS058,watchlist,2.0,2023-09-11
U00236,FAS009,buy,4.0,2022-02-28
U00236,FAS052,view,1.0,2022-03-07
U00236,FAS041,watchlist,2.0,2022-03-22
U00236,FAS036,watchlist,2.0,2022-04-10
U00236,FAS032,watchlist,2.0,2022-06-07
U00236,FAS051,view,1.0,2022-07-19
U00236,FAS017,view,1.0,2022-09-29
U00236,FAS031,buy,4.0,2022-10-03
U00236,FAS021,buy,4.0,2022-11-22
U00236,FAS027,buy,4.0,2022-11-30
U00236,FAS008,watchlist,2.0,2022-12-08
U00236,FAS020,watchlist,2.0,2023-06-05
U00236,FAS025,buy,4.0,2023-11-04
U00236,FAS002,watchlist,2.0,2024-04-07
U00236,FAS047,buy,4.0,2024-05-25
U00237,FAS059,buy,4.0,2022-10-24
U00237,FAS013,watchlist,2.0,2022-12-08
U00237,FAS015,buy,4.0,2023-01-07
U00237,FAS003,view,1.0,2023-06-04
U00237,FAS043,watchlist,2.0,2023-06-09
U00237,FAS025,view,1.0,2023-08-17
U00237,FAS023,buy,4.0,2023-09-02
U00237,FAS045,buy,4.0,2024-01-12
U00237,FAS034,view,1.0,2024-02-13
U00237,FAS008,buy,4.0,2024-02-29
U00238,FAS026,view,1.0,2022-07-10
U00238,FAS013,view,1.0,2022-09-25
U00238,FAS016,view,1.0,2022-10-01
U00238,FAS049,buy,4.0,2022-10-25
U00238,FAS043,watchlist,2.0,2022-12-30
U00238,FAS059,buy,4.0,2023-01-01
U00238,FAS003,view,1.0,2023-01-20
U00238,FAS001,watchlist,2.0,2023-02-18
U00238,FAS019,watchlist,2.0,2023-03-24
U00238,FAS008,buy,4.0,2023-03-26
U00238,FAS023,buy,4.0,2023-10-21
U00238,FAS012,buy,4.0,2024-01-14
U00238,FAS030,watchlist,2.0,2024-04-05
U00238,FAS038,view,1.0,2024-04-12
U00238,FAS040,watchlist,2.0,2024-07-12
U00238,FAS053,watchlist,2.0,2024-07-24
U00239,FAS056,watchlist,2.0,2022-01-14
U00239,FAS033,watchlist,2.0,2022-03-18
U00239,FAS040,view,1.0,2022-09-07
U00239,FAS052,watchlist,2.0,2022-10-28
U00239,FAS058,watchlist,2.0,2022-12-10
U00239,FAS008,watchlist,2.0,2023-04-16
U00239,FAS038,watchlist,2.0,2023-06-22
U00239,FAS015,watchlist,2.0,2023-07-12
U00239,FAS023,view,1.0,2023-07-18
U00239,FAS055,watchlist,2.0,2023-08-15
U00239,FAS051,watchlist,2.0,2023-08-18
U00239,FAS041,watchlist,2.0,2024-03-15
U00239,FAS027,view,1.0,2024-07-26
U00240,FAS035,watchlist,2.0,2022-01-02
U00240,FAS012,view,1.0,2022-01-30
U00240,FAS053,view,1.0,2022-03-14
U00240,FAS017,view,1.0,2022-06-20
U00240,FAS048,watchlist,2.0,2022-06-26
U00240,FAS055,buy,4.0,2022-08-17
U00240,FAS028,watchlist,2.0,2022-08-20
U00240,FAS029,buy,4.0,2022-11-14
U00240,FAS049,watchlist,2.0,2022-12-08
U00240,FAS005,view,1.0,2023-05-10
U00240,FAS007,watchlist,2.0,2023-06-06
U00240,FAS060,watchlist,2.0,2023-07-16
U00240,FAS059,watchlist,2.0,2023-08-22
U00240,FAS002,buy,4.0,2023-10-15
U00240,FAS010,view,1.0,2023-10-27
U00241,FAS038,watchlist,2.0,2022-04-24
U00241,FAS034,view,1.0,2022-12-21
U00241,FAS020,watchlist,2.0,2023-01-07
U00241,FAS002,view,1.0,2023-04-25
U00241,FAS016,buy,4.0,2023-05-01
U00241,FAS019,buy,4.0,2023-05-09
U00241,FAS037,buy,4.0,2023-10-03
U00241,FAS022,view,1.0,2024-02-11
U00242,FAS039,view,1.0,2022-02-07
U00242,FAS057,buy,4.0,2022-05-28
U00242,FAS006,buy,4.0,2022-06-05
U00242,FAS004,view,1.0,2022-06-23
U00242,FAS046,watchlist,2.0,2022-12-12
U00242,FAS001,view,1.0,2023-01-29
U00242,FAS027,view,1.0,2023-04-03
U00242,FAS035,buy,4.0,2023-04-22
U00242,FAS017,watchlist,2.0,2023-10-27
U00243,FAS034,watchlist,2.0,2022-06-18
U00243,FAS005,watchlist,2.0,2022-07-19
U00243,FAS029,buy,4.0,2023-03-15
U00243,FAS058,buy,4.0,2023-05-04
U00243,FAS039,watchlist,2.0,2023-06-05
U00243,FAS044,watchlist,2.0,2024-01-22
U00243,FAS004,view,1.0,2024-03-06
U00243,FAS012,watchlist,2.0,2024-04-13
U00243,FAS030,view,1.0,2024-04-30
U00244,FAS015,buy,4.0,2022-03-16
U00244,FAS043,watchlist,2.0,2022-05-13
U00244,FAS057,watchlist,2.0,2022-07-27
U00244,FAS032,view,1.0,2022-08-30
U00244,FAS059,watchlist,2.0,2022-10-08
U00244,FAS060,watchlist,2.0,2023-04-09
U00244,FAS024,watchlist,2.0,2023-06-28
U00244,FAS047,buy,4.0,2023-09-16
U00244,FAS003,view,1.0,2023-09-16
U00244,FAS026,buy,4.0,2023-10-21
U00244,FAS038,buy,4.0,2024-02-06
U00244,FAS040,view,1.0,2024-04-04
U00244,FAS011,watchlist,2.0,2024-04-16
U00244,FAS052,watchlist,2.0,2024-07-19
U00244,FAS009,view,1.0,2024-09-19
U00245,FAS021,watchlist,2.0,2022-02-09
U00245,FAS014,watchlist,2.0,2022-06-21
U00245,FAS015,watchlist,2.0,2022-07-26
U00245,FAS019,view,1.0,2022-08-17
U00245,FAS012,watchlist,2.0,2023-07-28
U00245,FAS034,view,1.0,2023-09-20
U00245,FAS035,buy,4.0,2023-11-27
U00246,FAS020,watchlist,2.0,2022-03-31
U00246,FAS051,watchlist,2.0,2022-04-13
U00246,FAS048,watchlist,2.0,2022-07-21
U00246,FAS006,buy,4.0,2022-07-24
U00246,FAS045,view,1.0,2022-12-27
U00246,FAS002,view,1.0,2023-02-18
U00246,FAS010,view,1.0,2023-04-09
U00246,FAS028,view,1.0,2023-07-09
U00246,FAS036,watchlist,2.0,2024-01-29
U00246,FAS013,view,1.0,2024-03-10
U00246,FAS015,watchlist,2.0,2024-04-19
U00246,FAS053,buy,4.0,2024-04-23
U00246,FAS046,view,1.0,2024-05-16
U00246,FAS021,view,1.0,2024-07-27
U00246,FAS058,view,1.0,2024-08-29
U00247,FAS059,buy,4.0,2022-03-14
U00247,FAS026,view,1.0,2022-03-30
U00247,FAS024,buy,4.0,2022-06-24
U00247,FAS008,buy,4.0,2022-07-14
U00247,FAS042,watchlist,2.0,2022-11-22
U00247,FAS031,view,1.0,2023-01-19
U00247,FAS044,watchlist,2.0,2023-05-29
U00247,FAS011,watchlist,2.0,2023-06-17
U00247,FAS036,watchlist,2.0,2023-07-02
U00247,FAS013,view,1.0,2023-08-12
U00247,FAS038,watchlist,2.0,2024-02-14
U00247,FAS043,buy,4.0,2024-02-17
U00247,FAS057,watchlist,2.0,2024-05-09
U00248,FAS015,watchlist,2.0,2022-09-20
U00248,FAS016,watchlist,2.0,2022-11-04
U00248,FAS009,buy,4.0,2022-11-28
U00248,FAS043,view,1.0,2023-01-01
U00248,FAS005,watchlist,2.0,2023-03-07
U00248,FAS025,buy,4.0,2023-04-29
U00248,FAS029,watchlist,2.0,2023-05-10
U00248,FAS031,watchlist,2.0,2023-05-12
U00248,FAS026,view,1.0,2023-11-20
U00248,FAS033,view,1.0,2023-12-07
U00248,FAS011,watchlist,2.0,2024-01-27
U00248,FAS022,view,1.0,2024-05-29
U00248,FAS020,view,1.0,2024-07-12
U00249,FAS039,buy,4.0,2022-02-05
U00249,FAS023,view,1.0,2022-05-10
U00249,FAS024,view,1.0,2022-05-14
U00249,FAS041,view,1.0,2022-07-18
U00249,FAS008,view,1.0,2023-01-22
U00249,FAS018,view,1.0,2023-05-29
U00249,FAS031,view,1.0,2023-06-25
U00249,FAS033,watchlist,2.0,2023-08-12
U00249,FAS052,view,1.0,2024-03-20
U00249,FAS049,view,1.0,2024-04-26
U00250,FAS038,watchlist,2.0,2022-01-23
U00250,FAS048,watchlist,2.0,2022-04-08
U00250,FAS037,view,1.0,2022-07-12
U00250,FAS050,view,1.0,2022-07-23
U00250,FAS014,watchlist,2.0,2023-01-18
U00250,FAS020,buy,4.0,2023-07-08
U00250,FAS022,watchlist,2.0,2023-08-10
U00250,FAS029,view,1.0,2023-10-07
U00250,FAS016,view,1.0,2024-05-30
U00251,FAS011,watchlist,2.0,2022-01-05
U00251,FAS037,watchlist,2.0,2022-05-17
U00251,FAS048,watchlist,2.0,2022-06-03
U00251,FAS009,view,1.0,2023-03-12
U00251,FAS010,watchlist,2.0,2023-07-14
U00251,FAS019,view,1.0,2023-08-29
U00251,FAS051,view,1.0,2023-09-05
U00251,FAS003,buy,4.0,2023-12-13
U00251,FAS058,watchlist,2.0,2024-02-07
U00251,FAS024,view,1.0,2024-04-06
U00252,FAS008,watchlist,2.0,2022-01-06
U00252,FAS002,buy,4.0,2022-03-17
U00252,FAS029,view,1.0,2022-08-08
U00252,FAS033,watchlist,2.0,2022-08-16
U00252,FAS055,buy,4.0,2022-10-09
U00252,FAS044,view,1.0,2022-11-23
U00252,FAS025,buy,4.0,2023-01-09
U00252,FAS014,view,1.0,2023-02-16
U00252,FAS040,view,1.0,2023-04-09
U00252,FAS037,buy,4.0,2023-05-15
U00252,FAS007,watchlist,2.0,2023-06-05
U00252,FAS026,view,1.0,2023-08-02
U00252,FAS006,buy,4.0,2023-11-19
U00252,FAS050,buy,4.0,2024-01-27
U00252,FAS028,watchlist,2.0,2024-05-11
U00253,FAS043,watchlist,2.0,2022-12-13
U00253,FAS031,view,1.0,2023-01-19
U00253,FAS012,view,1.0,2023-10-03
U00253,FAS011,watchlist,2.0,2023-10-09
U00253,FAS032,buy,4.0,2024-01-22
U00253,FAS004,buy,4.0,2024-03-03
U00254,FAS019,view,1.0,2022-05-09
U00254,FAS035,view,1.0,2022-06-14
U00254,FAS025,watchlist,2.0,2023-01-15
U00254,FAS013,watchlist,2.0,2023-05-17
U00254,FAS006,buy,4.0,2023-10-01
U00254,FAS038,view,1.0,2023-11-02
U00254,FAS002,watchlist,2.0,2024-05-16
U00254,FAS042,watchlist,2.0,2024-08-01
U00254,FAS054,view,1.0,2024-08-24
U00255,FAS035,buy,4.0,2022-01-28
U00255,FAS002,view,1.0,2022-02-25
U00255,FAS045,watchlist,2.0,2022-05-10
U00255,FAS038,view,1.0,2022-05-17
U00255,FAS013,watchlist,2.0,2022-05-21
U00255,FAS055,watchlist,2.0,2022-10-15
U00255,FAS025,buy,4.0,2022-11-08
U00255,FAS037,view,1.0,2023-01-15
U00255,FAS016,buy,4.0,2023-04-19
U00255,FAS026,view,1.0,2023-04-27
U00255,FAS011,view,1.0,2023-09-12
U00255,FAS050,buy,4.0,2023-10-27
U00255,FAS005,watchlist,2.0,2024-01-02
U00255,FAS004,view,1.0,2024-04-15
U00256,FAS019,buy,4.0,2022-01-17
U00256,FAS011,buy,4.0,2022-03-15
U00256,FAS012,watchlist,2.0,2022-06-04
U00256,FAS046,view,1.0,2022-07-27
U00256,FAS022,watchlist,2.0,2022-08-30
U00256,FAS033,view,1.0,2022-10-01
U00256,FAS053,view,1.0,2023-01-13
U00256,FAS021,view,1.0,2023-01-31
U00256,FAS038,view,1.0,2023-02-07
U00256,FAS051,view,1.0,2023-04-18
U00256,FAS025,view,1.0,2023-06-01
U00256,FAS028,view,1.0,2023-10-09
U00256,FAS034,watchlist,2.0,2023-11-01
U00257,FAS007,buy,4.0,2022-03-09
U00257,FAS028,view,1.0,2022-04-01
U00257,FAS048,watchlist,2.0,2022-06-14
U00257,FAS020,watchlist,2.0,2022-08-25
U00257,FAS031,watchlist,2.0,2022-09-02
U00257,FAS011,view,1.0,2022-09-30
U00257,FAS037,watchlist,2.0,2023-01-19
U00257,FAS012,watchlist,2.0,2023-01-20
U00257,FAS058,watchlist,2.0,2023-03-25
U00257,FAS006,watchlist,2.0,2023-08-18
U00257,FAS033,view,1.0,2023-11-26
U00257,FAS043,buy,4.0,2024-04-09
U00257,FAS045,watchlist,2.0,2024-04-11
U00257,FAS008,view,1.0,2024-07-20
U00257,FAS025,view,1.0,2024-09-05
U00258,FAS009,view,1.0,2022-02-28
U00258,FAS058,view,1.0,2022-03-29
U00258,FAS053,view,1.0,2022-05-08
U00258,FAS019,buy,4.0,2022-07-30
U00258,FAS018,watchlist,2.0,2022-08-24
U00258,FAS041,watchlist,2.0,2023-02-04
U00258,FAS013,view,1.0,2023-06-18
U00258,FAS059,view,1.0,2023-07-20
U00258,FAS034,watchlist,2.0,2023-08-25
U00258,FAS049,view,1.0,2024-03-04
U00258,FAS025,watchlist,2.0,2024-06-26
U00258,FAS044,watchlist,2.0,2024-08-09
U00259,FAS040,buy,4.0,2022-01-13
U00259,FAS052,watchlist,2.0,2022-02-13
U00259,FAS058,view,1.0,2022-08-15
U00259,FAS027,watchlist,2.0,2022-09-09
U00259,FAS023,buy,4.0,2022-10-13
U00259,FAS046,view,1.0,2023-02-03
U00259,FAS054,view,1.0,2023-02-19
U00259,FAS011,view,1.0,2023-06-27
U00259,FAS019,view,1.0,2023-07-06
U00259,FAS042,view,1.0,2023-09-08
U00259,FAS041,watchlist,2.0,2023-10-14
U00259,FAS029,buy,4.0,2023-11-10
U00259,FAS008,view,1.0,2023-11-23
U00259,FAS034,view,1.0,2024-05-23
U00259,FAS039,view,1.0,2024-08-05
U00259,FAS014,view,1.0,2024-08-14
U00260,FAS006,view,1.0,2022-01-26
U00260,FAS043,buy,4.0,2022-03-28
U00260,FAS042,view,1.0,2022-04-27
U00260,FAS026,view,1.0,2022-09-17
U00260,FAS002,watchlist,2.0,2023-06-05
U00260,FAS011,buy,4.0,2023-12-27
U00260,FAS004,buy,4.0,2024-03-07
U00260,FAS008,buy,4.0,2024-05-11
U00260,FAS037,watchlist,2.0,2024-05-19
U00260,FAS049,view,1.0,2024-06-12
U00260,FAS040,watchlist,2.0,2024-07-22
U00261,FAS032,view,1.0,2022-04-05
U00261,FAS014,view,1.0,2022-04-27
U00261,FAS010,buy,4.0,2022-06-26
U00261,FAS030,watchlist,2.0,2022-10-29
U00261,FAS006,buy,4.0,2022-12-28
U00261,FAS036,buy,4.0,2023-02-03
U00261,FAS003,view,1.0,2023-04-16
U00262,FAS049,watchlist,2.0,2022-01-01
U00262,FAS026,view,1.0,2022-01-21
U00262,FAS005,view,1.0,2022-02-27
U00262,FAS008,buy,4.0,2022-03-30
U00262,FAS018,watchlist,2.0,2022-06-02
U00262,FAS035,watchlist,2.0,2023-05-05
U00262,FAS052,view,1.0,2023-05-15
U00263,FAS011,view,1.0,2022-02-10
U00263,FAS035,watchlist,2.0,2022-02-28
U00263,FAS041,watchlist,2.0,2022-03-27
U00263,FAS015,watchlist,2.0,2022-04-30
U00263,FAS009,watchlist,2.0,2022-06-01
U00263,FAS030,buy,4.0,2022-09-14
U00263,FAS043,view,1.0,2023-02-07
U00263,FAS046,watchlist,2.0,2023-03-22
U00263,FAS018,view,1.0,2023-06-02
U00263,FAS051,watchlist,2.0,2023-09-23
U00263,FAS025,view,1.0,2023-10-08
U00263,FAS049,view,1.0,2024-03-03
U00263,FAS037,view,1.0,2024-04-10
U00263,FAS024,watchlist,2.0,2024-08-16
U00263,FAS052,view,1.0,2024-08-28
U00263,FAS016,watchlist,2.0,2024-09-14
U00264,FAS013,watchlist,2.0,2022-07-19
U00264,FAS040,view,1.0,2022-09-03
U00264,FAS047,buy,4.0,2023-05-10
U00264,FAS033,view,1.0,2023-10-26
U00264,FAS009,buy,4.0,2024-03-15
U00264,FAS014,view,1.0,2024-04-13
U00265,FAS025,view,1.0,2022-01-15
U00265,FAS051,view,1.0,2022-10-04
U00265,FAS037,view,1.0,2023-01-07
U00265,FAS050,watchlist,2.0,2024-01-06
U00265,FAS028,watchlist,2.0,2024-03-03
U00265,FAS047,buy,4.0,2024-07-27
U00266,FAS021,watchlist,2.0,2022-01-28
U00266,FAS011,watchlist,2.0,2022-02-11
U00266,FAS045,buy,4.0,2022-05-05
U00266,FAS008,watchlist,2.0,2022-05-08
U00266,FAS007,buy,4.0,2022-08-23
U00266,FAS034,watchlist,2.0,2022-09-10
U00266,FAS044,view,1.0,2022-09-13
U00266,FAS042,buy,4.0,2022-10-26
U00266,FAS048,view,1.0,2023-02-10
U00266,FAS055,view,1.0,2023-02-28
U00266,FAS018,watchlist,2.0,2023-06-17
U00266,FAS057,buy,4.0,2023-08-02
U00266,FAS022,watchlist,2.0,2023-12-07
U00266,FAS023,watchlist,2.0,2023-12-11
U00266,FAS033,buy,4.0,2024-04-24
U00266,FAS043,view,1.0,2024-08-20
U00267,FAS038,view,1.0,2022-07-21
U00267,FAS023,view,1.0,2022-08-14
U00267,FAS027,watchlist,2.0,2022-09-15
U00267,FAS029,watchlist,2.0,2022-09-28
U00267,FAS040,view,1.0,2022-11-18
U00267,FAS018,view,1.0,2022-11-24
U00267,FAS032,watchlist,2.0,2023-04-28
U00267,FAS010,watchlist,2.0,2023-08-11
U00267,FAS041,watchlist,2.0,2023-12-14
U00267,FAS020,buy,4.0,2024-02-23
U00267,FAS049,watchlist,2.0,2024-04-13
U00267,FAS026,view,1.0,2024-05-06
U00267,FAS058,view,1.0,2024-08-28
U00267,FAS030,view,1.0,2024-09-05
U00267,FAS031,watchlist,2.0,2024-10-17
U00268,FAS054,view,1.0,2022-03-03
U00268,FAS045,buy,4.0,2022-05-13
U00268,FAS006,buy,4.0,2022-06-21
U00268,FAS036,view,1.0,2022-07-20
U00268,FAS039,watchlist,2.0,2022-09-19
U00268,FAS032,view,1.0,2023-04-14
U00268,FAS009,watchlist,2.0,2023-05-14
U00268,FAS044,view,1.0,2023-08-02
U00268,FAS004,view,1.0,2023-08-05
U00268,FAS055,watchlist,2.0,2023-09-23
U00268,FAS022,watchlist,2.0,2023-09-28
U00268,FAS013,buy,4.0,2023-11-03
U00268,FAS034,buy,4.0,2023-11-15
U00268,FAS020,watchlist,2.0,2023-11-25
U00268,FAS029,view,1.0,2023-12-26
U00268,FAS027,buy,4.0,2024-06-07
U00269,FAS060,view,1.0,2022-01-26
U00269,FAS046,view,1.0,2022-04-07
U00269,FAS008,watchlist,2.0,2022-05-08
U00269,FAS037,view,1.0,2022-06-17
U00269,FAS033,watchlist,2.0,2022-12-25
U00269,FAS014,view,1.0,2023-02-14
U00269,FAS035,view,1.0,2023-02-22
U00269,FAS006,view,1.0,2023-04-14
U00269,FAS018,watchlist,2.0,2023-05-25
U00269,FAS042,buy,4.0,2023-06-12
U00269,FAS038,watchlist,2.0,2023-06-19
U00269,FAS034,watchlist,2.0,2023-08-25
U00269,FAS050,watchlist,2.0,2023-08-31
U00269,FAS005,view,1.0,2024-06-06
U00269,FAS029,view,1.0,2024-06-15
U00269,FAS025,buy,4.0,2024-06-17
U00270,FAS013,watchlist,2.0,2022-02-14
U00270,FAS037,view,1.0,2022-04-11
U00270,FAS048,view,1.0,2022-12-30
U00270,FAS036,watchlist,2.0,2023-06-24
U00270,FAS022,buy,4.0,2023-08-23
U00270,FAS017,watchlist,2.0,2024-04-29
U00271,FAS046,watchlist,2.0,2022-03-10
U00271,FAS059,watchlist,2.0,2022-05-11
U00271,FAS039,watchlist,2.0,2022-10-21
U00271,FAS036,buy,4.0,2023-08-16
U00271,FAS035,view,1.0,2023-09-20
U00271,FAS023,view,1.0,2024-01-03
U00271,FAS028,watchlist,2.0,2024-02-22
U00272,FAS019,view,1.0,2022-01-28
U00272,FAS040,view,1.0,2022-01-29
U00272,FAS016,watchlist,2.0,2022-04-20
U00272,FAS023,view,1.0,2022-06-25
U00272,FAS026,buy,4.0,2022-07-06
U00272,FAS044,view,1.0,2022-10-29
U00272,FAS049,buy,4.0,2022-11-07
U00272,FAS009,view,1.0,2022-12-25
U00272,FAS039,watchlist,2.0,2023-01-17
U00272,FAS003,watchlist,2.0,2023-03-30
U00272,FAS043,view,1.0,2023-04-19
U00272,FAS015,buy,4.0,2023-07-19
U00272,FAS036,buy,4.0,2024-04-17
U00273,FAS032,view,1.0,2022-04-15
U00273,FAS052,watchlist,2.0,2022-05-14
U00273,FAS004,view,1.0,2022-06-20
U00273,FAS035,view,1.0,2022-07-31
U00273,FAS002,buy,4.0,2023-01-03
U00273,FAS036,view,1.0,2023-01-15
U00273,FAS038,buy,4.0,2023-01-18
U00273,FAS001,view,1.0,2023-02-10
U00273,FAS009,watchlist,2.0,2023-03-30
U00273,FAS039,watchlist,2.0,2023-07-05
U00273,FAS033,buy,4.0,2023-10-14
U00273,FAS041,buy,4.0,2023-10-23
U00273,FAS021,view,1.0,2023-12-07
U00273,FAS023,view,1.0,2024-03-24
U00273,FAS050,buy,4.0,2024-04-11
U00273,FAS051,watchlist,2.0,2024-04-21
U00274,FAS057,view,1.0,2022-08-22
U00274,FAS005,view,1.0,2023-01-14
U00274,FAS029,buy,4.0,2023-02-05
U00274,FAS049,view,1.0,2023-03-09
U00274,FAS014,watchlist,2.0,2023-06-25
U00274,FAS045,view,1.0,2023-09-16
U00274,FAS027,buy,4.0,2024-06-02
U00275,FAS052,view,1.0,2022-01-08
U00275,FAS043,watchlist,2.0,2022-03-09
U00275,FAS013,watchlist,2.0,2022-06-21
U00275,FAS023,view,1.0,2022-11-21
U00275,FAS008,buy,4.0,2023-07-18
U00275,FAS003,buy,4.0,2023-08-27
U00275,FAS050,buy,4.0,2023-08-31
U00275,FAS049,watchlist,2.0,2023-12-09
U00275,FAS031,buy,4.0,2024-01-09
U00275,FAS032,buy,4.0,2024-02-18
U00275,FAS004,watchlist,2.0,2024-02-22
U00275,FAS019,watchlist,2.0,2024-04-26
U00276,FAS023,watchlist,2.0,2022-06-18
U00276,FAS054,view,1.0,2022-08-15
U00276,FAS039,buy,4.0,2022-09-26
U00276,FAS041,watchlist,2.0,2022-10-22
U00276,FAS012,watchlist,2.0,2022-12-10
U00276,FAS015,buy,4.0,2023-04-01
U00276,FAS045,watchlist,2.0,2024-03-03
U00276,FAS059,view,1.0,2024-04-06
U00276,FAS052,view,1.0,2024-05-06
U00276,FAS020,view,1.0,2024-06-27
U00276,FAS038,view,1.0,2024-08-04
U00277,FAS026,watchlist,2.0,2022-01-17
U00277,FAS060,buy,4.0,2022-04-09
U00277,FAS009,view,1.0,2022-04-25
U00277,FAS043,buy,4.0,2022-08-21
U00277,FAS037,watchlist,2.0,2022-08-24
U00277,FAS059,view,1.0,2023-01-06
U00277,FAS030,watchlist,2.0,2023-02-07
U00277,FAS040,buy,4.0,2023-02-10
U00277,FAS053,view,1.0,2023-04-14
U00277,FAS028,watchlist,2.0,2023-07-02
U00277,FAS015,view,1.0,2023-07-28
U00277,FAS014,watchlist,2.0,2023-09-23
U00277,FAS005,buy,4.0,2023-10-21
U00277,FAS004,buy,4.0,2023-12-01
U00277,FAS038,view,1.0,2024-08-17
U00278,FAS009,view,1.0,2022-01-26
U00278,FAS030,watchlist,2.0,2022-03-10
U00278,FAS042,watchlist,2.0,2022-03-14
U00278,FAS041,view,1.0,2022-04-07
U00278,FAS058,buy,4.0,2022-08-15
U00278,FAS026,watchlist,2.0,2022-11-04
U00278,FAS032,view,1.0,2022-11-15
U00278,FAS044,watchlist,2.0,2022-12-16
U00278,FAS014,buy,4.0,2023-01-02
U00278,FAS052,watchlist,2.0,2023-03-11
U00278,FAS056,buy,4.0,2023-10-30
U00278,FAS040,buy,4.0,2023-11-03
U00278,FAS016,view,1.0,2023-11-19
U00278,FAS010,watchlist,2.0,2024-07-08
U00278,FAS059,watchlist,2.0,2024-08-23
U00278,FAS048,view,1.0,2024-09-05
U00279,FAS022,watchlist,2.0,2022-01-06
U00279,FAS041,watchlist,2.0,2022-02-17
U00279,FAS026,buy,4.0,2022-02-17
U00279,FAS043,buy,4.0,2022-03-03
U00279,FAS039,buy,4.0,2022-05-08
U00279,FAS046,buy,4.0,2022-06-25
U00279,FAS044,view,1.0,2023-03-22
U00279,FAS020,view,1.0,2023-08-27
U00279,FAS018,watchlist,2.0,2024-03-05
U00279,FAS051,view,1.0,2024-03-19
U00280,FAS017,view,1.0,2022-01-03
U00280,FAS022,watchlist,2.0,2022-02-07
U00280,FAS006,view,1.0,2022-02-08
U00280,FAS048,buy,4.0,2023-05-06
U00280,FAS053,view,1.0,2023-08-24
U00280,FAS013,buy,4.0,2023-12-30
U00280,FAS005,watchlist,2.0,2024-02-12
U00281,FAS015,buy,4.0,2022-02-01
U00281,FAS003,view,1.0,2022-02-08
U00281,FAS045,view,1.0,2022-03-18
U00281,FAS004,watchlist,2.0,2022-04-08
U00281,FAS043,view,1.0,2022-10-04
U00281,FAS008,view,1.0,2022-11-22
U00281,FAS038,view,1.0,2023-04-27
U00281,FAS013,view,1.0,2023-05-02
U00281,FAS024,watchlist,2.0,2023-06-03
U00281,FAS002,view,1.0,2024-02-04
U00281,FAS005,buy,4.0,2024-03-31
U00282,FAS054,watchlist,2.0,2022-03-17
U00282,FAS009,watchlist,2.0,2022-04-13
U00282,FAS053,watchlist,2.0,2022-06-03
U00282,FAS011,buy,4.0,2022-10-23
U00282,FAS029,view,1.0,2022-10-30
U00282,FAS022,buy,4.0,2023-05-03
U00282,FAS043,view,1.0,2023-05-11
U00282,FAS051,watchlist,2.0,2023-05-25
U00282,FAS021,view,1.0,2023-08-11
U00282,FAS004,view,1.0,2023-12-26
U00282,FAS050,watchlist,2.0,2023-12-31
U00282,FAS034,buy,4.0,2024-02-23
U00282,FAS044,view,1.0,2024-05-19
U00283,FAS002,watchlist,2.0,2022-03-15
U00283,FAS003,view,1.0,2022-06-27
U00283,FAS059,watchlist,2.0,2022-09-19
U00283,FAS026,watchlist,2.0,2022-10-16
U00283,FAS018,view,1.0,2022-12-04
U00283,FAS057,view,1.0,2023-01-28
U00284,FAS005,watchlist,2.0,2022-05-09
U00284,FAS030,watchlist,2.0,2022-10-04
U00284,FAS032,buy,4.0,2022-12-06
U00284,FAS006,view,1.0,2023-05-25
U00284,FAS050,view,1.0,2023-06-24
U00284,FAS041,view,1.0,2023-07-16
U00284,FAS010,view,1.0,2023-10-22
U00284,FAS043,view,1.0,2023-12-04
U00284,FAS012,view,1.0,2024-02-09
U00284,FAS009,buy,4.0,2024-03-25
U00284,FAS047,buy,4.0,2024-05-19
U00284,FAS052,view,1.0,2024-05-24
U00285,FAS039,view,1.0,2022-04-03
U00285,FAS054,view,1.0,2022-05-19
U00285,FAS041,watchlist,2.0,2022-07-31
U00285,FAS058,view,1.0,2023-08-25
U00285,FAS009,view,1.0,2023-09-19
U00285,FAS059,buy,4.0,2023-11-21
U00285,FAS024,buy,4.0,2024-01-05
U00285,FAS032,watchlist,2.0,2024-01-06
U00286,FAS030,buy,4.0,2022-03-01
U00286,FAS028,view,1.0,2022-10-10
U00286,FAS011,watchlist,2.0,2023-04-04
U00286,FAS034,view,1.0,2023-08-01
U00286,FAS031,view,1.0,2023-12-06
U00286,FAS044,buy,4.0,2023-12-11
U00286,FAS021,watchlist,2.0,2024-01-28
U00286,FAS018,watchlist,2.0,2024-04-04
U00286,FAS057,buy,4.0,2024-06-19
U00287,FAS029,watchlist,2.0,2022-03-12
U00287,FAS017,watchlist,2.0,2022-07-07
U00287,FAS035,watchlist,2.0,2022-07-28
U00287,FAS039,buy,4.0,2022-09-23
U00287,FAS042,view,1.0,2023-05-15
U00287,FAS015,view,1.0,2023-06-06
U00287,FAS043,view,1.0,2023-06-19
U00287,FAS057,view,1.0,2023-11-17
U00287,FAS028,view,1.0,2024-01-25
U00287,FAS034,watchlist,2.0,2024-04-23
U00287,FAS001,buy,4.0,2024-05-22
U00287,FAS014,view,1.0,2024-05-28
U00288,FAS025,view,1.0,2022-03-19
U00288,FAS036,buy,4.0,2022-04-22
U00288,FAS006,view,1.0,2022-05-05
U00288,FAS038,view,1.0,2022-06-06
U00288,FAS045,view,1.0,2022-09-15
U00288,FAS001,view,1.0,2023-03-10
U00288,FAS054,watchlist,2.0,2023-06-11
U00288,FAS037,view,1.0,2023-07-31
U00288,FAS020,watchlist,2.0,2023-11-25
U00288,FAS042,view,1.0,2024-03-20
U00288,FAS012,view,1.0,2024-05-12
U00289,FAS058,buy,4.0,2022-06-15
U00289,FAS040,view,1.0,2022-06-27
U00289,FAS022,watchlist,2.0,2022-08-20
U00289,FAS013,watchlist,2.0,2022-09-04
U00289,FAS037,view,1.0,2022-10-07
U00289,FAS059,view,1.0,2022-12-18
U00289,FAS026,view,1.0,2023-01-17
U00289,FAS018,buy,4.0,2023-03-03
U00289,FAS033,view,1.0,2023-12-02
U00289,FAS012,view,1.0,2023-12-18
U00289,FAS049,view,1.0,2024-01-30
U00289,FAS035,watchlist,2.0,2024-03-18
U00289,FAS015,buy,4.0,2024-07-28
U00290,FAS025,view,1.0,2022-03-05
U00290,FAS043,view,1.0,2022-05-08
U00290,FAS020,view,1.0,2022-05-16
U00290,FAS044,view,1.0,2022-06-27
U00290,FAS016,buy,4.0,2022-10-02
U00290,FAS057,buy,4.0,2023-02-05
U00290,FAS009,view,1.0,2023-03-06
U00290,FAS059,buy,4.0,2023-06-08
U00290,FAS001,buy,4.0,2023-07-04
U00290,FAS034,watchlist,2.0,2024-04-01
U00290,FAS021,watchlist,2.0,2024-05-04
U00290,FAS017,watchlist,2.0,2024-07-24
U00290,FAS054,view,1.0,2024-08-06
U00290,FAS024,watchlist,2.0,2024-08-10
U00290,FAS050,watchlist,2.0,2024-09-02
U00290,FAS056,view,1.0,2024-09-28
U00291,FAS040,watchlist,2.0,2022-01-16
U00291,FAS043,watchlist,2.0,2022-10-13
U00291,FAS021,buy,4.0,2022-10-26
U00291,FAS008,watchlist,2.0,2023-01-28
U00291,FAS003,view,1.0,2023-02-21
U00291,FAS053,view,1.0,2023-05-22
U00291,FAS006,buy,4.0,2023-06-06
U00291,FAS039,view,1.0,2023-10-06
U00291,FAS037,view,1.0,2023-12-02
U00291,FAS026,watchlist,2.0,2024-01-24
U00291,FAS055,view,1.0,2024-05-30
U00291,FAS041,buy,4.0,2024-05-31
U00292,FAS008,view,1.0,2022-03-16
U00292,FAS057,watchlist,2.0,2022-07-24
U00292,FAS056,view,1.0,2022-09-18
U00292,FAS015,watchlist,2.0,2022-09-27
U00292,FAS010,buy,4.0,2023-05-04
U00292,FAS026,watchlist,2.0,2023-05-15
U00292,FAS012,buy,4.0,2023-07-08
U00292,FAS028,buy,4.0,2023-10-23
U00292,FAS013,watchlist,2.0,2023-12-21
U00292,FAS029,view,1.0,2024-01-07
U00292,FAS007,buy,4.0,2024-01-08
U00292,FAS025,watchlist,2.0,2024-01-09
U00293,FAS022,watchlist,2.0,2022-11-16
U00293,FAS001,view,1.0,2023-06-25
U00293,FAS028,buy,4.0,2023-09-16
U00293,FAS016,view,1.0,2023-10-20
U00293,FAS021,view,1.0,2023-12-17
U00293,FAS041,watchlist,2.0,2024-01-15
U00293,FAS007,buy,4.0,2024-10-12
U00294,FAS019,view,1.0,2022-08-03
U00294,FAS031,buy,4.0,2022-08-05
U00294,FAS002,view,1.0,2022-08-15
U00294,FAS006,view,1.0,2023-02-04
U00294,FAS005,watchlist,2.0,2023-05-16
U00294,FAS040,watchlist,2.0,2023-10-22
U00294,FAS014,view,1.0,2023-12-09
U00294,FAS015,watchlist,2.0,2023-12-16
U00294,FAS025,view,1.0,2024-04-22
U00295,FAS056,watchlist,2.0,2022-02-06
U00295,FAS057,view,1.0,2022-08-09
U00295,FAS059,watchlist,2.0,2022-12-22
U00295,FAS016,buy,4.0,2023-02-15
U00295,FAS049,watchlist,2.0,2023-02-22
U00295,FAS023,watchlist,2.0,2023-10-11
U00295,FAS012,watchlist,2.0,2023-11-23
U00295,FAS051,view,1.0,2023-11-24
U00295,FAS053,view,1.0,2024-07-13
U00296,FAS054,buy,4.0,2022-02-04
U00296,FAS033,view,1.0,2022-05-21
U00296,FAS006,watchlist,2.0,2022-08-11
U00296,FAS030,buy,4.0,2022-09-13
U00296,FAS043,buy,4.0,2022-09-22
U00296,FAS023,watchlist,2.0,2022-11-29
U00296,FAS010,watchlist,2.0,2022-12-10
U00296,FAS044,buy,4.0,2023-02-11
U00296,FAS060,buy,4.0,2023-04-05
U00296,FAS027,view,1.0,2023-05-22
U00296,FAS050,view,1.0,2023-08-06
U00296,FAS039,watchlist,2.0,2023-09-25
U00296,FAS048,view,1.0,2024-02-17
U00296,FAS056,buy,4.0,2024-04-25
U00296,FAS005,buy,4.0,2024-05-03
U00296,FAS004,view,1.0,2024-05-07
U00297,FAS009,watchlist,2.0,2022-04-12
U00297,FAS046,watchlist,2.0,2022-12-20
U00297,FAS013,watchlist,2.0,2023-02-01
U00297,FAS012,watchlist,2.0,2023-04-22
U00297,FAS006,watchlist,2.0,2023-06-21
U00297,FAS058,buy,4.0,2023-07-30
U00297,FAS004,view,1.0,2023-10-10
U00297,FAS023,view,1.0,2023-12-31
U00297,FAS005,view,1.0,2024-02-07
U00297,FAS024,watchlist,2.0,2024-03-06
U00297,FAS052,watchlist,2.0,2024-09-26
U00298,FAS045,watchlist,2.0,2022-01-30
U00298,FAS013,buy,4.0,2022-05-07
U00298,FAS041,view,1.0,2022-05-24
U00298,FAS012,watchlist,2.0,2022-07-08
U00298,FAS035,view,1.0,2022-09-09
U00298,FAS051,buy,4.0,2022-10-26
U00298,FAS044,watchlist,2.0,2022-11-25
U00298,FAS003,watchlist,2.0,2023-03-10
U00298,FAS037,buy,4.0,2023-06-21
U00298,FAS052,buy,4.0,2023-09-09
U00298,FAS060,view,1.0,2023-11-05
U00298,FAS034,view,1.0,2024-02-06
U00298,FAS046,view,1.0,2024-05-24
U00298,FAS021,view,1.0,2024-05-31
U00298,FAS056,watchlist,2.0,2024-06-02
U00299,FAS018,watchlist,2.0,2022-01-05
U00299,FAS057,view,1.0,2022-05-13
U00299,FAS049,watchlist,2.0,2022-09-15
U00299,FAS022,view,1.0,2023-06-11
U00299,FAS034,view,1.0,2023-06-24
U00299,FAS028,view,1.0,2023-07-20
U00299,FAS045,watchlist,2.0,2023-08-02
U00299,FAS001,buy,4.0,2024-01-26
U00299,FAS002,buy,4.0,2024-02-15
U00299,FAS050,watchlist,2.0,2024-06-05
U00300,FAS034,watchlist,2.0,2022-04-26
U00300,FAS010,view,1.0,2022-06-14
U00300,FAS005,view,1.0,2022-07-05
U00300,FAS036,watchlist,2.0,2022-08-09
U00300,FAS051,buy,4.0,2022-10-05
U00300,FAS022,buy,4.0,2023-08-18
U00300,FAS050,watchlist,2.0,2023-10-01
U00301,FAS016,watchlist,2.0,2022-07-05
U00301,FAS048,buy,4.0,2022-12-11
U00301,FAS031,watchlist,2.0,2023-02-24
U00301,FAS004,watchlist,2.0,2023-08-13
U00301,FAS010,buy,4.0,2023-12-07
U00301,FAS005,watchlist,2.0,2024-02-01
U00301,FAS018,buy,4.0,2024-03-25
U00302,FAS045,watchlist,2.0,2022-01-17
U00302,FAS047,buy,4.0,2022-01-17
U00302,FAS059,watchlist,2.0,2022-01-29
U00302,FAS041,view,1.0,2022-04-01
U00302,FAS015,buy,4.0,2022-05-08
U00302,FAS010,watchlist,2.0,2022-08-13
U00302,FAS024,buy,4.0,2022-10-06
U00302,FAS038,buy,4.0,2022-11-08
U00302,FAS002,watchlist,2.0,2022-11-15
U00302,FAS043,watchlist,2.0,2023-01-17
U00302,FAS040,watchlist,2.0,2023-06-23
U00302,FAS037,buy,4.0,2023-09-02
U00302,FAS023,view,1.0,2023-11-23
U00302,FAS001,watchlist,2.0,2023-12-08
U00302,FAS033,buy,4.0,2024-03-02
U00302,FAS054,view,1.0,2024-03-22
U00303,FAS044,view,1.0,2022-08-29
U00303,FAS003,buy,4.0,2022-11-03
U00303,FAS053,watchlist,2.0,2022-11-09
U00303,FAS021,view,1.0,2023-03-05
U00303,FAS008,view,1.0,2023-07-19
U00303,FAS055,watchlist,2.0,2023-07-27
U00303,FAS028,view,1.0,2024-02-26
U00303,FAS039,view,1.0,2024-03-05
U00303,FAS036,buy,4.0,2024-04-28
U00303,FAS040,buy,4.0,2024-07-14
U00304,FAS010,buy,4.0,2022-04-15
U00304,FAS029,buy,4.0,2022-05-03
U00304,FAS033,view,1.0,2022-07-22
U00304,FAS053,watchlist,2.0,2022-09-24
U00304,FAS014,watchlist,2.0,2022-11-06
U00304,FAS013,watchlist,2.0,2022-11-25
U00304,FAS017,watchlist,2.0,2023-01-12
U00304,FAS049,view,1.0,2023-04-24
U00304,FAS046,view,1.0,2023-05-22
U00304,FAS001,watchlist,2.0,2023-08-09
U00304,FAS028,view,1.0,2023-12-05
U00304,FAS052,buy,4.0,2023-12-25
U00304,FAS011,watchlist,2.0,2024-03-28
U00305,FAS036,watchlist,2.0,2022-04-06
U00305,FAS007,buy,4.0,2022-04-11
U00305,FAS056,view,1.0,2022-10-10
U00305,FAS001,watchlist,2.0,2022-12-25
U00305,FAS060,watchlist,2.0,2023-02-21
U00305,FAS033,view,1.0,2023-05-09
U00305,FAS057,watchlist,2.0,2023-06-13
U00305,FAS015,view,1.0,2023-06-26
U00305,FAS025,view,1.0,2023-07-20
U00305,FAS032,view,1.0,2023-09-15
U00305,FAS040,watchlist,2.0,2023-09-15
U00305,FAS010,buy,4.0,2024-01-05
U00305,FAS048,watchlist,2.0,2024-02-10
U00305,FAS023,view,1.0,2024-04-14
U00305,FAS058,watchlist,2.0,2024-05-22
U00305,FAS049,view,1.0,2024-06-23
U00306,FAS049,view,1.0,2022-02-18
U00306,FAS003,buy,4.0,2022-06-19
U00306,FAS040,buy,4.0,2022-07-18
U00306,FAS027,view,1.0,2022-09-18
U00306,FAS012,view,1.0,2022-12-30
U00306,FAS029,view,1.0,2023-05-06
U00306,FAS057,watchlist,2.0,2023-07-03
U00306,FAS026,view,1.0,2023-11-02
U00306,FAS046,watchlist,2.0,2023-11-20
U00306,FAS037,view,1.0,2024-06-01
U00306,FAS059,buy,4.0,2024-08-02
U00306,FAS043,view,1.0,2024-08-30
U00306,FAS051,watchlist,2.0,2024-10-08
U00306,FAS002,buy,4.0,2024-10-27
U00306,FAS050,watchlist,2.0,2024-10-31
U00306,FAS053,watchlist,2.0,2024-11-03
U00307,FAS053,view,1.0,2022-03-27
U00307,FAS015,buy,4.0,2022-11-05
U00307,FAS052,watchlist,2.0,2023-01-11
U00307,FAS041,buy,4.0,2023-05-27
U00307,FAS024,view,1.0,2023-07-04
U00307,FAS049,view,1.0,2023-09-02
U00307,FAS025,view,1.0,2023-09-11
U00307,FAS026,view,1.0,2023-10-02
U00307,FAS006,view,1.0,2023-10-08
U00307,FAS055,watchlist,2.0,2023-12-18
U00307,FAS046,view,1.0,2024-03-16
U00307,FAS050,view,1.0,2024-03-29
U00308,FAS009,buy,4.0,2022-05-22
U00308,FAS006,watchlist,2.0,2022-10-17
U00308,FAS030,buy,4.0,2023-03-20
U00308,FAS023,watchlist,2.0,2023-04-27
U00308,FAS001,watchlist,2.0,2023-08-13
U00308,FAS038,view,1.0,2024-03-04
U00309,FAS052,view,1.0,2022-06-14
U00309,FAS031,view,1.0,2022-06-25
U00309,FAS025,view,1.0,2022-10-06
U00309,FAS054,view,1.0,2022-11-23
U00309,FAS033,watchlist,2.0,2023-04-01
U00309,FAS005,view,1.0,2023-07-07
U00309,FAS012,view,1.0,2023-10-23
U00310,FAS051,view,1.0,2022-06-01
U00310,FAS039,buy,4.0,2022-07-04
U00310,FAS049,watchlist,2.0,2022-08-07
U00310,FAS004,buy,4.0,2022-09-15
U00310,FAS044,view,1.0,2022-11-14
U00310,FAS027,watchlist,2.0,2023-01-28
U00310,FAS060,view,1.0,2023-04-04
U00310,FAS018,watchlist,2.0,2023-09-16
U00310,FAS016,view,1.0,2023-11-02
U00311,FAS019,view,1.0,2022-04-20
U00311,FAS015,view,1.0,2022-05-08
U00311,FAS031,watchlist,2.0,2022-06-10
U00311,FAS007,view,1.0,2023-01-26
U00311,FAS049,view,1.0,2023-01-27
U00311,FAS040,view,1.0,2023-04-12
U00311,FAS008,view,1.0,2023-05-08
U00311,FAS057,watchlist,2.0,2023-10-18
U00311,FAS011,watchlist,2.0,2024-01-14
U00311,FAS039,watchlist,2.0,2024-02-21
U00311,FAS020,view,1.0,2024-07-04
U00311,FAS021,watchlist,2.0,2024-07-10
U00312,FAS031,watchlist,2.0,2022-01-13
U00312,FAS024,watchlist,2.0,2022-03-08
U00312,FAS014,watchlist,2.0,2022-06-13
U00312,FAS021,watchlist,2.0,2022-07-11
U00312,FAS060,view,1.0,2022-09-20
U00312,FAS042,watchlist,2.0,2022-11-24
U00312,FAS059,view,1.0,2023-01-25
U00312,FAS038,view,1.0,2023-06-11
U00312,FAS037,view,1.0,2023-08-08
U00312,FAS056,view,1.0,2023-09-23
U00312,FAS008,watchlist,2.0,2023-12-19
U00312,FAS043,watchlist,2.0,2023-12-27
U00313,FAS043,view,1.0,2022-03-16
U00313,FAS018,view,1.0,2022-04-26
U00313,FAS028,view,1.0,2022-04-29
U00313,FAS022,view,1.0,2023-12-05
U00313,FAS050,watchlist,2.0,2024-01-27
U00313,FAS009,view,1.0,2024-08-17
U00313,FAS027,view,1.0,2024-10-21
U00314,FAS043,buy,4.0,2022-03-25
U00314,FAS050,view,1.0,2022-06-06
U00314,FAS015,view,1.0,2022-06-27
U00314,FAS049,watchlist,2.0,2023-06-25
U00314,FAS011,buy,4.0,2023-09-04
U00314,FAS030,watchlist,2.0,2023-09-05
U00315,FAS009,view,1.0,2022-01-28
U00315,FAS042,watchlist,2.0,2022-05-23
U00315,FAS059,buy,4.0,2022-07-16
U00315,FAS014,watchlist,2.0,2023-01-15
U00315,FAS010,view,1.0,2023-02-15
U00315,FAS051,watchlist,2.0,2023-05-31
U00315,FAS023,view,1.0,2023-08-06
U00315,FAS052,buy,4.0,2023-10-16
U00315,FAS008,watchlist,2.0,2023-12-09
U00315,FAS046,view,1.0,2024-03-17
U00315,FAS006,view,1.0,2024-07-18
U00316,FAS015,view,1.0,2022-03-14
U00316,FAS016,buy,4.0,2022-05-08
U00316,FAS010,view,1.0,2022-12-08
U00316,FAS006,view,1.0,2023-01-03
U00316,FAS025,buy,4.0,2023-01-31
U00316,FAS017,view,1.0,2023-01-31
U00316,FAS047,buy,4.0,2023-05-06
U00316,FAS034,view,1.0,2023-05-20
U00316,FAS057,watchlist,2.0,2023-05-21
U00316,FAS045,view,1.0,2023-06-19
U00316,FAS029,view,1.0,2024-01-10
U00316,FAS050,view,1.0,2024-09-18
U00316,FAS011,view,1.0,2024-10-03
U00317,FAS059,view,1.0,2022-04-03
U00317,FAS010,view,1.0,2022-08-15
U00317,FAS021,view,1.0,2022-10-29
U00317,FAS033,watchlist,2.0,2022-12-04
U00317,FAS045,watchlist,2.0,2023-03-20
U00317,FAS058,view,1.0,2023-11-03
U00318,FAS019,watchlist,2.0,2022-06-03
U00318,FAS047,view,1.0,2022-08-18
U00318,FAS048,view,1.0,2022-10-09
U00318,FAS031,view,1.0,2022-10-23
U00318,FAS030,buy,4.0,2022-12-07
U00318,FAS004,watchlist,2.0,2022-12-09
U00318,FAS023,watchlist,2.0,2023-04-04
U00318,FAS027,view,1.0,2023-06-08
U00318,FAS036,view,1.0,2023-06-30
U00318,FAS055,view,1.0,2023-07-02
U00318,FAS043,watchlist,2.0,2023-08-16
U00318,FAS029,view,1.0,2023-08-26
U00318,FAS059,view,1.0,2023-09-04
U00319,FAS028,watchlist,2.0,2022-03-11
U00319,FAS021,buy,4.0,2022-09-03
U00319,FAS059,watchlist,2.0,2022-09-05
U00319,FAS025,watchlist,2.0,2022-09-14
U00319,FAS037,buy,4.0,2022-12-27
U00319,FAS006,view,1.0,2023-07-07
U00319,FAS051,view,1.0,2023-07-20
U00319,FAS030,view,1.0,2023-08-07
U00319,FAS026,view,1.0,2023-08-26
U00319,FAS050,view,1.0,2023-10-01
U00320,FAS053,view,1.0,2022-07-03
U00320,FAS047,view,1.0,2022-08-08
U00320,FAS020,view,1.0,2022-08-20
U00320,FAS040,buy,4.0,2023-01-02
U00320,FAS006,view,1.0,2023-02-16
U00320,FAS012,watchlist,2.0,2024-04-30
U00320,FAS014,view,1.0,2024-06-19
U00320,FAS052,watchlist,2.0,2024-06-27
U00320,FAS050,buy,4.0,2024-07-19
U00320,FAS055,watchlist,2.0,2024-10-13
U00321,FAS042,view,1.0,2022-03-07
U00321,FAS013,watchlist,2.0,2022-03-09
U00321,FAS023,buy,4.0,2022-05-05
U00321,FAS037,view,1.0,2022-07-16
U00321,FAS024,view,1.0,2022-11-13
U00321,FAS028,view,1.0,2023-05-01
U00321,FAS029,watchlist,2.0,2023-06-06
U00321,FAS051,watchlist,2.0,2024-01-15
U00321,FAS050,watchlist,2.0,2024-07-20
U00321,FAS006,buy,4.0,2024-08-16
U00321,FAS022,view,1.0,2024-09-01
U00321,FAS019,view,1.0,2024-10-22
U00321,FAS041,view,1.0,2024-10-24
U00322,FAS025,watchlist,2.0,2022-01-23
U00322,FAS026,view,1.0,2022-02-28
U00322,FAS016,view,1.0,2022-03-24
U00322,FAS033,view,1.0,2023-01-05
U00322,FAS057,watchlist,2.0,2023-01-30
U00322,FAS024,watchlist,2.0,2023-03-09
U00322,FAS035,buy,4.0,2023-05-31
U00322,FAS015,watchlist,2.0,2023-07-02
U00322,FAS012,buy,4.0,2023-10-24
U00322,FAS042,buy,4.0,2024-02-06
U00322,FAS008,watchlist,2.0,2024-08-28
U00323,FAS049,watchlist,2.0,2022-06-16
U00323,FAS026,watchlist,2.0,2022-06-25
U00323,FAS043,buy,4.0,2023-02-17
U00323,FAS042,view,1.0,2023-04-12
U00323,FAS003,view,1.0,2023-07-28
U00323,FAS059,buy,4.0,2023-07-31
U00323,FAS041,view,1.0,2024-03-17
U00323,FAS039,watchlist,2.0,2024-03-24
U00323,FAS013,view,1.0,2024-03-25
U00323,FAS040,watchlist,2.0,2024-05-13
U00323,FAS016,watchlist,2.0,2024-08-12
U00324,FAS032,view,1.0,2022-01-15
U00324,FAS051,view,1.0,2022-07-13
U00324,FAS050,buy,4.0,2022-10-24
U00324,FAS027,view,1.0,2023-05-11
U00324,FAS041,buy,4.0,2023-05-14
U00324,FAS003,watchlist,2.0,2023-07-19
U00324,FAS016,watchlist,2.0,2023-07-28
U00324,FAS018,buy,4.0,2023-08-05
U00324,FAS014,buy,4.0,2023-11-21
U00324,FAS039,buy,4.0,2024-02-26
U00325,FAS036,watchlist,2.0,2022-04-08
U00325,FAS022,buy,4.0,2022-05-05
U00325,FAS006,watchlist,2.0,2022-07-09
U00325,FAS047,watchlist,2.0,2022-08-05
U00325,FAS033,buy,4.0,2022-08-31
U00325,FAS048,watchlist,2.0,2023-03-24
U00325,FAS035,watchlist,2.0,2023-09-08
U00326,FAS001,view,1.0,2022-04-03
U00326,FAS052,buy,4.0,2022-04-30
U00326,FAS026,view,1.0,2022-07-22
U00326,FAS008,watchlist,2.0,2022-08-19
U00326,FAS015,view,1.0,2022-11-09
U00326,FAS013,buy,4.0,2022-11-14
U00326,FAS054,view,1.0,2023-02-25
U00326,FAS053,watchlist,2.0,2023-08-27
U00326,FAS038,buy,4.0,2023-09-02
U00326,FAS044,watchlist,2.0,2024-03-19
U00326,FAS028,view,1.0,2024-05-13
U00327,FAS046,watchlist,2.0,2022-07-03
U00327,FAS030,view,1.0,2022-07-21
U00327,FAS060,buy,4.0,2023-02-24
U00327,FAS049,buy,4.0,2023-06-08
U00327,FAS033,watchlist,2.0,2023-06-30
U00327,FAS016,view,1.0,2023-07-02
U00327,FAS045,view,1.0,2023-07-20
U00327,FAS035,buy,4.0,2024-06-01
U00327,FAS031,buy,4.0,2024-06-19
U00328,FAS040,watchlist,2.0,2022-04-01
U00328,FAS013,watchlist,2.0,2022-04-06
U00328,FAS049,watchlist,2.0,2022-05-24
U00328,FAS027,watchlist,2.0,2022-07-26
U00328,FAS052,watchlist,2.0,2022-12-18
U00328,FAS051,view,1.0,2022-12-24
U00328,FAS003,view,1.0,2023-01-02
U00328,FAS031,watchlist,2.0,2023-04-25
U00328,FAS058,buy,4.0,2023-04-26
U00328,FAS034,watchlist,2.0,2023-06-11
U00328,FAS037,view,1.0,2023-08-12
U00328,FAS039,view,1.0,2023-08-20
U00329,FAS005,watchlist,2.0,2022-04-04
U00329,FAS043,view,1.0,2022-07-22
U00329,FAS044,watchlist,2.0,2022-10-31
U00329,FAS002,view,1.0,2023-04-16
U00329,FAS003,watchlist,2.0,2023-05-10
U00329,FAS049,view,1.0,2023-05-17
U00329,FAS060,buy,4.0,2023-07-15
U00329,FAS028,view,1.0,2023-08-02
U00329,FAS004,view,1.0,2023-11-09
U00329,FAS059,view,1.0,2024-06-06
U00330,FAS054,view,1.0,2022-03-24
U00330,FAS035,watchlist,2.0,2022-08-13
U00330,FAS041,watchlist,2.0,2022-09-30
U00330,FAS031,buy,4.0,2022-10-14
U00330,FAS008,buy,4.0,2022-12-23
U00330,FAS051,watchlist,2.0,2023-05-18
U00330,FAS043,view,1.0,2023-10-10
U00330,FAS020,view,1.0,2024-06-22
U00330,FAS030,buy,4.0,2024-09-27
U00330,FAS001,view,1.0,2024-12-05
U00331,FAS047,watchlist,2.0,2022-03-12
U00331,FAS059,view,1.0,2022-04-01
U00331,FAS027,view,1.0,2023-01-10
U00331,FAS004,watchlist,2.0,2023-02-21
U00331,FAS054,buy,4.0,2023-03-28
U00331,FAS007,view,1.0,2023-12-23
U00331,FAS044,view,1.0,2024-03-10
U00331,FAS005,watchlist,2.0,2024-05-10
U00331,FAS014,view,1.0,2024-06-02
U00331,FAS031,view,1.0,2024-07-10
U00332,FAS005,view,1.0,2022-03-29
U00332,FAS031,buy,4.0,2022-09-27
U00332,FAS010,watchlist,2.0,2022-11-22
U00332,FAS022,view,1.0,2022-12-14
U00332,FAS030,view,1.0,2023-03-13
U00332,FAS014,watchlist,2.0,2023-05-07
U00332,FAS055,buy,4.0,2023-06-17
U00332,FAS046,view,1.0,2023-06-22
U00332,FAS047,watchlist,2.0,2023-09-27
U00332,FAS020,watchlist,2.0,2024-01-01
U00332,FAS057,buy,4.0,2024-01-19
U00332,FAS037,buy,4.0,2024-02-01
U00332,FAS007,watchlist,2.0,2024-02-24
U00332,FAS015,view,1.0,2024-03-17
U00332,FAS029,buy,4.0,2024-07-07
U00333,FAS022,buy,4.0,2022-07-05
U00333,FAS050,watchlist,2.0,2022-08-08
U00333,FAS016,watchlist,2.0,2022-08-12
U00333,FAS045,watchlist,2.0,2022-10-23
U00333,FAS047,view,1.0,2023-03-09
U00333,FAS038,watchlist,2.0,2023-10-17
U00333,FAS054,view,1.0,2023-12-13
U00333,FAS002,view,1.0,2024-07-16
U00333,FAS017,view,1.0,2024-08-17
U00333,FAS044,view,1.0,2024-08-23
U00333,FAS035,view,1.0,2024-11-06
U00334,FAS058,view,1.0,2022-07-11
U00334,FAS044,buy,4.0,2022-09-18
U00334,FAS057,view,1.0,2022-11-29
U00334,FAS031,watchlist,2.0,2023-07-31
U00334,FAS030,view,1.0,2023-08-23
U00334,FAS002,view,1.0,2023-10-01
U00335,FAS035,watchlist,2.0,2022-09-02
U00335,FAS013,watchlist,2.0,2022-09-03
U00335,FAS021,view,1.0,2022-10-16
U00335,FAS023,watchlist,2.0,2022-10-20
U00335,FAS029,view,1.0,2023-05-02
U00335,FAS007,buy,4.0,2023-07-08
U00335,FAS027,view,1.0,2023-08-15
U00335,FAS015,view,1.0,2023-10-20
U00335,FAS032,buy,4.0,2023-10-25
U00335,FAS004,buy,4.0,2023-11-05
U00335,FAS049,buy,4.0,2023-11-13
U00335,FAS030,view,1.0,2023-11-27
U00335,FAS016,view,1.0,2023-12-21
U00335,FAS057,view,1.0,2024-08-09
U00336,FAS003,view,1.0,2022-04-14
U00336,FAS048,watchlist,2.0,2022-08-10
U00336,FAS044,buy,4.0,2022-09-16
U00336,FAS022,view,1.0,2022-09-16
U00336,FAS060,watchlist,2.0,2023-03-05
U00336,FAS049,watchlist,2.0,2023-06-04
U00336,FAS033,watchlist,2.0,2023-06-22
U00336,FAS021,buy,4.0,2023-08-19
U00336,FAS005,watchlist,2.0,2023-10-12
U00336,FAS024,watchlist,2.0,2023-11-09
U00336,FAS014,watchlist,2.0,2023-12-17
U00336,FAS008,view,1.0,2024-03-05
U00336,FAS059,view,1.0,2024-03-25
U00336,FAS001,watchlist,2.0,2024-04-07
U00336,FAS010,buy,4.0,2024-08-29
U00337,FAS031,watchlist,2.0,2022-05-12
U00337,FAS038,view,1.0,2022-06-17
U00337,FAS026,buy,4.0,2023-06-03
U00337,FAS039,buy,4.0,2023-11-30
U00337,FAS012,buy,4.0,2024-02-13
U00337,FAS048,view,1.0,2024-03-30
U00337,FAS054,view,1.0,2024-05-02
U00338,FAS049,buy,4.0,2022-04-23
U00338,FAS039,view,1.0,2022-07-27
U00338,FAS004,watchlist,2.0,2022-08-09
U00338,FAS020,watchlist,2.0,2022-09-10
U00338,FAS041,buy,4.0,2023-04-15
U00338,FAS026,view,1.0,2023-04-27
U00338,FAS029,watchlist,2.0,2023-05-03
U00338,FAS025,view,1.0,2023-07-06
U00338,FAS038,view,1.0,2023-09-09
U00338,FAS056,watchlist,2.0,2023-10-09
U00338,FAS043,watchlist,2.0,2023-10-12
U00338,FAS045,view,1.0,2024-01-15
U00338,FAS024,watchlist,2.0,2024-07-04
U00339,FAS044,watchlist,2.0,2022-01-29
U00339,FAS032,buy,4.0,2022-03-13
U00339,FAS052,view,1.0,2022-04-08
U00339,FAS049,watchlist,2.0,2022-10-12
U00339,FAS022,buy,4.0,2022-11-23
U00339,FAS002,buy,4.0,2023-01-16
U00339,FAS016,buy,4.0,2023-02-01
U00339,FAS027,view,1.0,2023-08-31
U00339,FAS003,watchlist,2.0,2023-09-23
U00339,FAS017,buy,4.0,2024-02-14
U00339,FAS018,view,1.0,2024-06-06
U00339,FAS039,view,1.0,2024-08-13
U00339,FAS030,view,1.0,2024-08-19
U00340,FAS014,view,1.0,2022-03-04
U00340,FAS010,watchlist,2.0,2022-10-02
U00340,FAS050,view,1.0,2022-11-05
U00340,FAS039,watchlist,2.0,2023-03-19
U00340,FAS044,view,1.0,2023-03-30
U00340,FAS019,view,1.0,2023-04-25
U00340,FAS003,view,1.0,2023-07-21
U00340,FAS035,view,1.0,2023-09-26
U00340,FAS033,view,1.0,2023-11-11
U00340,FAS046,watchlist,2.0,2024-02-07
U00340,FAS036,view,1.0,2024-02-18
U00340,FAS029,view,1.0,2024-05-07
U00340,FAS042,view,1.0,2024-07-23
U00341,FAS058,watchlist,2.0,2022-01-23
U00341,FAS009,watchlist,2.0,2022-04-01
U00341,FAS028,buy,4.0,2022-04-22
U00341,FAS038,view,1.0,2022-08-28
U00341,FAS022,buy,4.0,2023-05-18
U00341,FAS048,watchlist,2.0,2023-05-28
U00341,FAS023,view,1.0,2023-06-22
U00342,FAS003,watchlist,2.0,2022-03-20
U00342,FAS019,view,1.0,2022-04-24
U00342,FAS049,view,1.0,2022-07-15
U00342,FAS060,view,1.0,2022-09-10
U00342,FAS041,buy,4.0,2022-11-15
U00342,FAS004,buy,4.0,2022-12-10
U00342,FAS026,watchlist,2.0,2023-02-04
U00342,FAS015,view,1.0,2023-05-31
U00342,FAS024,view,1.0,2023-06-04
U00342,FAS023,watchlist,2.0,2023-10-28
U00342,FAS012,view,1.0,2024-01-20
U00342,FAS009,view,1.0,2024-01-25
U00342,FAS059,buy,4.0,2024-02-20
U00342,FAS013,view,1.0,2024-05-14
U00342,FAS039,view,1.0,2024-05-30
U00343,FAS021,watchlist,2.0,2022-01-22
U00343,FAS048,view,1.0,2022-04-04
U00343,FAS016,buy,4.0,2022-11-25
U00343,FAS015,watchlist,2.0,2023-03-02
U00343,FAS033,buy,4.0,2024-01-13
U00343,FAS032,view,1.0,2024-09-09
U00343,FAS025,view,1.0,2024-10-13
U00344,FAS024,watchlist,2.0,2022-01-04
U00344,FAS009,view,1.0,2022-08-22
U00344,FAS056,view,1.0,2022-08-22
U00344,FAS043,watchlist,2.0,2023-01-01
U00344,FAS002,watchlist,2.0,2024-02-07
U00344,FAS005,view,1.0,2024-04-10
U00344,FAS003,buy,4.0,2024-05-12
U00345,FAS042,view,1.0,2022-01-06
U00345,FAS044,view,1.0,2022-02-28
U00345,FAS029,buy,4.0,2022-03-21
U00345,FAS052,view,1.0,2022-12-31
U00345,FAS019,view,1.0,2023-07-18
U00345,FAS010,watchlist,2.0,2023-08-07
U00345,FAS023,view,1.0,2023-10-16
U00345,FAS057,view,1.0,2023-12-24
U00345,FAS011,watchlist,2.0,2023-12-25
U00345,FAS059,buy,4.0,2024-02-10
U00346,FAS008,buy,4.0,2022-05-05
U00346,FAS033,buy,4.0,2023-01-18
U00346,FAS002,watchlist,2.0,2023-03-13
U00346,FAS022,watchlist,2.0,2023-04-20
U00346,FAS023,buy,4.0,2023-04-20
U00346,FAS049,view,1.0,2023-04-21
U00346,FAS005,watchlist,2.0,2023-06-04
U00346,FAS015,view,1.0,2023-11-29
U00346,FAS060,watchlist,2.0,2024-04-13
U00346,FAS042,watchlist,2.0,2024-05-07
U00347,FAS009,view,1.0,2022-01-07
U00347,FAS016,watchlist,2.0,2022-01-25
U00347,FAS001,watchlist,2.0,2022-03-12
U00347,FAS032,watchlist,2.0,2022-03-23
U00347,FAS018,view,1.0,2022-05-15
U00347,FAS049,view,1.0,2022-07-12
U00347,FAS041,watchlist,2.0,2022-08-16
U00347,FAS050,buy,4.0,2022-12-09
U00347,FAS040,view,1.0,2023-08-22
U00347,FAS031,view,1.0,2023-11-01
U00347,FAS035,watchlist,2.0,2024-01-02
U00347,FAS044,view,1.0,2024-01-27
U00347,FAS023,buy,4.0,2024-06-30
U00348,FAS008,buy,4.0,2022-03-23
U00348,FAS019,view,1.0,2022-09-09
U00348,FAS016,watchlist,2.0,2023-01-02
U00348,FAS031,watchlist,2.0,2023-05-14
U00348,FAS021,watchlist,2.0,2023-05-30
U00348,FAS035,view,1.0,2023-06-03
U00348,FAS042,view,1.0,2023-07-04
U00348,FAS047,watchlist,2.0,2023-07-23
U00348,FAS024,view,1.0,2023-11-25
U00348,FAS023,watchlist,2.0,2024-03-09
U00348,FAS050,watchlist,2.0,2024-05-11
U00349,FAS010,view,1.0,2022-01-26
U00349,FAS040,view,1.0,2022-03-13
U00349,FAS008,view,1.0,2022-05-11
U00349,FAS015,view,1.0,2022-11-17
U00349,FAS043,watchlist,2.0,2023-03-10
U00349,FAS021,view,1.0,2023-05-29
U00349,FAS052,watchlist,2.0,2023-06-17
U00349,FAS026,view,1.0,2023-12-20
U00349,FAS003,buy,4.0,2024-09-06
U00350,FAS032,watchlist,2.0,2022-01-17
U00350,FAS025,buy,4.0,2022-03-07
U00350,FAS060,view,1.0,2022-06-22
U00350,FAS009,buy,4.0,2022-07-06
U00350,FAS040,buy,4.0,2022-07-27
U00350,FAS018,buy,4.0,2022-09-24
U00350,FAS034,view,1.0,2022-11-02
U00350,FAS052,watchlist,2.0,2023-01-23
U00350,FAS014,view,1.0,2024-01-25
U00350,FAS043,buy,4.0,2024-02-07
U00350,FAS020,watchlist,2.0,2024-02-12
U00350,FAS012,buy,4.0,2024-04-01
U00350,FAS058,view,1.0,2024-04-16
U00351,FAS020,view,1.0,2022-01-16
U00351,FAS012,buy,4.0,2022-03-26
U00351,FAS022,view,1.0,2022-09-12
U00351,FAS056,watchlist,2.0,2022-11-06
U00351,FAS026,watchlist,2.0,2023-01-26
U00351,FAS040,buy,4.0,2023-11-15
U00351,FAS021,view,1.0,2023-12-21
U00351,FAS019,view,1.0,2024-01-18
U00352,FAS004,watchlist,2.0,2022-05-09
U00352,FAS041,view,1.0,2022-05-28
U00352,FAS023,view,1.0,2022-08-02
U00352,FAS043,watchlist,2.0,2023-04-18
U00352,FAS051,view,1.0,2023-05-28
U00352,FAS025,view,1.0,2023-07-22
U00352,FAS049,buy,4.0,2023-12-15
U00353,FAS028,view,1.0,2022-03-03
U00353,FAS039,view,1.0,2022-11-17
U00353,FAS050,buy,4.0,2023-02-14
U00353,FAS019,view,1.0,2023-07-02
U00353,FAS007,view,1.0,2023-08-20
U00353,FAS054,view,1.0,2023-12-27
U00353,FAS004,watchlist,2.0,2024-01-13
U00353,FAS015,view,1.0,2024-07-13
U00354,FAS033,view,1.0,2022-02-24
U00354,FAS027,watchlist,2.0,2022-02-26
U00354,FAS007,view,1.0,2022-04-29
U00354,FAS037,watchlist,2.0,2022-05-25
U00354,FAS059,watchlist,2.0,2022-06-11
U00354,FAS010,buy,4.0,2022-06-13
U00354,FAS041,view,1.0,2022-07-15
U00354,FAS057,watchlist,2.0,2022-11-21
U00354,FAS029,buy,4.0,2022-12-03
U00355,FAS050,watchlist,2.0,2023-01-05
U00355,FAS033,watchlist,2.0,2023-04-03
U00355,FAS042,view,1.0,2023-04-25
U00355,FAS014,buy,4.0,2023-05-01
U00355,FAS019,watchlist,2.0,2023-08-11
U00355,FAS027,watchlist,2.0,2024-01-26
U00355,FAS054,view,1.0,2024-02-27
U00355,FAS034,watchlist,2.0,2024-03-15
U00355,FAS028,watchlist,2.0,2024-09-09
U00356,FAS036,watchlist,2.0,2022-01-25
U00356,FAS005,buy,4.0,2022-03-15
U00356,FAS019,watchlist,2.0,2022-07-04
U00356,FAS021,watchlist,2.0,2022-07-27
U00356,FAS016,buy,4.0,2022-09-21
U00356,FAS002,view,1.0,2022-12-12
U00356,FAS050,watchlist,2.0,2022-12-17
U00356,FAS001,watchlist,2.0,2022-12-28
U00356,FAS057,buy,4.0,2023-03-31
U00356,FAS051,view,1.0,2023-07-18
U00356,FAS014,view,1.0,2023-10-09
U00356,FAS012,buy,4.0,2023-11-13
U00356,FAS032,view,1.0,2023-11-29
U00356,FAS060,view,1.0,2023-12-22
U00356,FAS015,buy,4.0,2024-02-23
U00356,FAS058,view,1.0,2024-07-23
U00357,FAS060,watchlist,2.0,2022-01-23
U00357,FAS043,view,1.0,2023-01-15
U00357,FAS024,watchlist,2.0,2023-02-05
U00357,FAS007,view,1.0,2023-03-08
U00357,FAS004,watchlist,2.0,2023-07-21
U00357,FAS026,view,1.0,2024-01-21
U00357,FAS003,buy,4.0,2024-05-31
U00357,FAS018,buy,4.0,2024-06-01
U00358,FAS021,view,1.0,2022-01-18
U00358,FAS029,buy,4.0,2022-04-13
U00358,FAS049,buy,4.0,2022-09-08
U00358,FAS037,watchlist,2.0,2023-05-26
U00358,FAS039,watchlist,2.0,2023-06-08
U00358,FAS043,watchlist,2.0,2024-02-11
U00358,FAS016,watchlist,2.0,2024-04-15
U00359,FAS012,watchlist,2.0,2022-01-05
U00359,FAS057,view,1.0,2022-02-25
U00359,FAS054,watchlist,2.0,2022-05-07
U00359,FAS045,watchlist,2.0,2023-02-04
U00359,FAS022,buy,4.0,2023-05-02
U00359,FAS024,buy,4.0,2023-05-03
U00359,FAS037,buy,4.0,2023-05-26
U00359,FAS005,buy,4.0,2023-06-25
U00359,FAS028,watchlist,2.0,2023-08-04
U00359,FAS032,buy,4.0,2023-10-14
U00359,FAS039,watchlist,2.0,2023-10-30
U00359,FAS020,view,1.0,2023-12-06
U00360,FAS007,watchlist,2.0,2022-01-25
U00360,FAS026,buy,4.0,2022-04-09
U00360,FAS038,view,1.0,2022-05-12
U00360,FAS046,buy,4.0,2023-11-30
U00360,FAS010,view,1.0,2024-03-23
U00360,FAS032,buy,4.0,2024-05-10
U00360,FAS045,buy,4.0,2024-06-15
U00361,FAS001,view,1.0,2022-01-23
U00361,FAS036,watchlist,2.0,2022-02-22
U00361,FAS050,view,1.0,2022-03-08
U00361,FAS010,buy,4.0,2022-03-13
U00361,FAS047,watchlist,2.0,2022-03-26
U00361,FAS038,view,1.0,2022-07-07
U00361,FAS002,view,1.0,2022-07-27
U00361,FAS015,view,1.0,2022-10-16
U00361,FAS031,watchlist,2.0,2022-10-29
U00361,FAS011,buy,4.0,2023-09-11
U00361,FAS025,view,1.0,2024-02-11
U00361,FAS006,view,1.0,2024-04-28
U00361,FAS044,view,1.0,2024-04-28
U00361,FAS049,watchlist,2.0,2024-05-11
U00361,FAS023,buy,4.0,2024-06-10
U00361,FAS018,buy,4.0,2024-07-29
U00362,FAS035,buy,4.0,2022-03-08
U00362,FAS046,view,1.0,2022-03-15
U00362,FAS005,watchlist,2.0,2022-09-09
U00362,FAS018,buy,4.0,2022-10-07
U00362,FAS025,watchlist,2.0,2022-11-07
U00362,FAS021,watchlist,2.0,2022-11-22
U00362,FAS057,buy,4.0,2023-04-04
U00362,FAS012,view,1.0,2023-04-12
U00362,FAS006,view,1.0,2023-04-28
U00362,FAS051,watchlist,2.0,2023-08-15
U00362,FAS030,view,1.0,2023-10-09
U00362,FAS050,view,1.0,2023-11-26
U00362,FAS024,buy,4.0,2024-02-17
U00362,FAS004,view,1.0,2024-03-31
U00362,FAS001,view,1.0,2024-04-06
U00363,FAS043,watchlist,2.0,2022-03-28
U00363,FAS031,view,1.0,2022-10-01
U00363,FAS027,view,1.0,2022-11-14
U00363,FAS026,view,1.0,2022-11-24
U00363,FAS015,view,1.0,2022-12-12
U00363,FAS008,buy,4.0,2023-02-25
U00363,FAS003,view,1.0,2023-02-28
U00363,FAS023,buy,4.0,2023-05-24
U00363,FAS049,watchlist,2.0,2023-06-03
U00363,FAS040,watchlist,2.0,2023-07-02
U00363,FAS035,watchlist,2.0,2024-04-05
U00364,FAS031,view,1.0,2022-03-10
U00364,FAS059,view,1.0,2022-03-11
U00364,FAS026,view,1.0,2022-04-05
U00364,FAS030,watchlist,2.0,2022-09-02
U00364,FAS048,watchlist,2.0,2022-10-19
U00364,FAS009,watchlist,2.0,2023-09-20
U00365,FAS053,buy,4.0,2022-07-14
U00365,FAS012,buy,4.0,2023-02-13
U00365,FAS017,view,1.0,2023-03-16
U00365,FAS015,watchlist,2.0,2023-04-25
U00365,FAS049,view,1.0,2023-09-22
U00365,FAS030,watchlist,2.0,2023-12-25
U00366,FAS015,buy,4.0,2022-01-30
U00366,FAS019,buy,4.0,2022-02-02
U00366,FAS049,buy,4.0,2022-03-30
U00366,FAS048,watchlist,2.0,2022-07-16
U00366,FAS038,watchlist,2.0,2022-07-26
U00366,FAS060,watchlist,2.0,2022-11-27
U00366,FAS059,buy,4.0,2023-03-02
U00366,FAS043,view,1.0,2023-03-05
U00366,FAS026,view,1.0,2023-04-24
U00366,FAS045,view,1.0,2023-12-28
U00366,FAS051,watchlist,2.0,2024-05-02
U00367,FAS049,view,1.0,2022-02-09
U00367,FAS058,buy,4.0,2022-07-30
U00367,FAS009,view,1.0,2023-02-07
U00367,FAS031,view,1.0,2023-03-06
U00367,FAS054,buy,4.0,2023-03-19
U00367,FAS012,watchlist,2.0,2023-03-31
U00367,FAS034,watchlist,2.0,2023-05-14
U00367,FAS035,buy,4.0,2023-05-28
U00367,FAS048,view,1.0,2023-07-04
U00367,FAS008,buy,4.0,2023-10-06
U00367,FAS026,view,1.0,2023-11-21
U00367,FAS037,view,1.0,2024-04-13
U00367,FAS044,buy,4.0,2024-05-20
U00367,FAS043,buy,4.0,2024-06-01
U00368,FAS054,watchlist,2.0,2022-02-03
U00368,FAS035,view,1.0,2022-07-09
U00368,FAS050,buy,4.0,2022-07-18
U00368,FAS022,watchlist,2.0,2022-08-13
U00368,FAS048,view,1.0,2022-09-04
U00368,FAS046,buy,4.0,2022-11-07
U00368,FAS012,buy,4.0,2022-12-24
U00368,FAS051,view,1.0,2023-07-27
U00368,FAS028,view,1.0,2023-11-21
U00368,FAS026,view,1.0,2024-02-19
U00369,FAS026,buy,4.0,2022-02-02
U00369,FAS050,buy,4.0,2022-02-13
U00369,FAS015,watchlist,2.0,2022-06-29
U00369,FAS031,view,1.0,2022-07-09
U00369,FAS001,watchlist,2.0,2023-09-18
U00369,FAS017,view,1.0,2023-12-22
U00369,FAS043,buy,4.0,2024-01-17
U00370,FAS058,view,1.0,2022-01-11
U00370,FAS018,view,1.0,2022-01-22
U00370,FAS021,view,1.0,2022-07-03
U00370,FAS019,view,1.0,2022-09-10
U00370,FAS016,view,1.0,2022-12-15
U00370,FAS050,view,1.0,2023-05-13
U00370,FAS017,watchlist,2.0,2023-05-17
U00370,FAS029,view,1.0,2023-05-24
U00370,FAS001,view,1.0,2023-07-21
U00370,FAS007,view,1.0,2023-07-27
U00370,FAS043,buy,4.0,2023-08-25
U00370,FAS015,view,1.0,2024-01-23
U00370,FAS027,view,1.0,2024-03-01
U00370,FAS044,view,1.0,2024-03-19
U00370,FAS032,view,1.0,2024-03-27
U00370,FAS049,view,1.0,2024-05-19
U00371,FAS001,view,1.0,2022-09-12
U00371,FAS028,view,1.0,2022-11-26
U00371,FAS025,view,1.0,2022-12-17
U00371,FAS054,watchlist,2.0,2023-04-19
U00371,FAS020,buy,4.0,2023-04-21
U00371,FAS006,watchlist,2.0,2023-05-06
U00371,FAS053,buy,4.0,2023-05-13
U00371,FAS002,watchlist,2.0,2023-06-25
U00371,FAS048,watchlist,2.0,2023-07-03
U00371,FAS019,watchlist,2.0,2023-10-09
U00371,FAS049,buy,4.0,2023-11-10
U00371,FAS027,watchlist,2.0,2024-05-19
U00372,FAS012,watchlist,2.0,2022-04-08
U00372,FAS044,view,1.0,2022-09-12
U00372,FAS010,buy,4.0,2022-10-09
U00372,FAS043,watchlist,2.0,2022-12-16
U00372,FAS002,watchlist,2.0,2022-12-19
U00372,FAS046,buy,4.0,2023-01-12
U00372,FAS034,watchlist,2.0,2023-01-20
U00372,FAS035,watchlist,2.0,2023-06-15
U00372,FAS003,view,1.0,2023-07-29
U00372,FAS023,watchlist,2.0,2023-10-14
U00372,FAS029,watchlist,2.0,2024-03-02
U00372,FAS050,view,1.0,2024-04-20
U00372,FAS047,view,1.0,2024-05-04
U00372,FAS031,view,1.0,2024-06-08
U00372,FAS041,view,1.0,2024-06-28
U00373,FAS034,view,1.0,2022-03-02
U00373,FAS057,buy,4.0,2022-06-07
U00373,FAS021,view,1.0,2022-06-08
U00373,FAS011,watchlist,2.0,2023-05-28
U00373,FAS010,watchlist,2.0,2023-07-19
U00373,FAS029,view,1.0,2024-01-27
U00373,FAS038,view,1.0,2024-03-20
U00374,FAS006,watchlist,2.0,2022-01-23
U00374,FAS018,buy,4.0,2022-02-14
U00374,FAS034,watchlist,2.0,2022-02-18
U00374,FAS048,watchlist,2.0,2022-11-02
U00374,FAS017,view,1.0,2023-01-20
U00374,FAS038,view,1.0,2023-01-24
U00374,FAS009,view,1.0,2023-10-01
U00374,FAS049,watchlist,2.0,2023-10-19
U00374,FAS045,watchlist,2.0,2023-11-08
U00374,FAS056,buy,4.0,2023-11-21
U00374,FAS012,view,1.0,2023-11-28
U00374,FAS016,buy,4.0,2023-11-28
U00374,FAS024,watchlist,2.0,2023-11-29
U00374,FAS031,view,1.0,2024-06-08
U00375,FAS021,watchlist,2.0,2022-01-13
U00375,FAS042,buy,4.0,2022-01-21
U00375,FAS026,watchlist,2.0,2022-02-12
U00375,FAS049,watchlist,2.0,2022-03-29
U00375,FAS059,watchlist,2.0,2022-05-20
U00375,FAS012,buy,4.0,2022-07-11
U00375,FAS025,view,1.0,2022-08-17
U00375,FAS014,buy,4.0,2022-11-08
U00375,FAS019,view,1.0,2023-05-06
U00375,FAS037,view,1.0,2023-05-16
U00375,FAS048,buy,4.0,2023-11-21
U00375,FAS050,buy,4.0,2023-12-09
U00375,FAS058,watchlist,2.0,2023-12-28
U00376,FAS042,buy,4.0,2022-02-02
U00376,FAS048,watchlist,2.0,2022-10-15
U00376,FAS057,view,1.0,2022-12-19
U00376,FAS019,watchlist,2.0,2023-02-05
U00376,FAS054,view,1.0,2023-04-26
U00376,FAS041,view,1.0,2023-05-23
U00376,FAS032,view,1.0,2023-06-22
U00376,FAS013,view,1.0,2023-08-16
U00376,FAS043,watchlist,2.0,2023-10-07
U00376,FAS004,view,1.0,2023-10-07
U00376,FAS038,view,1.0,2024-01-31
U00377,FAS057,buy,4.0,2022-04-13
U00377,FAS035,watchlist,2.0,2022-05-18
U00377,FAS021,buy,4.0,2022-08-16
U00377,FAS006,buy,4.0,2022-10-04
U00377,FAS050,view,1.0,2022-11-24
U00377,FAS029,view,1.0,2023-03-10
U00377,FAS034,watchlist,2.0,2023-04-02
U00377,FAS053,buy,4.0,2023-04-12
U00377,FAS037,watchlist,2.0,2023-04-29
U00377,FAS060,view,1.0,2023-07-28
U00377,FAS015,buy,4.0,2023-08-09
U00377,FAS017,watchlist,2.0,2023-09-23
U00377,FAS051,watchlist,2.0,2023-12-16
U00377,FAS004,buy,4.0,2024-03-08
U00377,FAS024,watchlist,2.0,2024-03-14
U00377,FAS016,buy,4.0,2024-03-14
U00378,FAS049,view,1.0,2022-01-03
U00378,FAS039,watchlist,2.0,2022-03-22
U00378,FAS047,buy,4.0,2022-04-02
U00378,FAS034,buy,4.0,2022-07-11
U00378,FAS050,view,1.0,2023-06-26
U00378,FAS001,watchlist,2.0,2024-04-09
U00378,FAS011,watchlist,2.0,2024-04-14
U00379,FAS021,watchlist,2.0,2022-03-07
U00379,FAS043,view,1.0,2022-09-07
U00379,FAS038,buy,4.0,2022-12-22
U00379,FAS036,buy,4.0,2023-01-04
U00379,FAS026,buy,4.0,2023-04-21
U00379,FAS040,buy,4.0,2023-05-25
U00379,FAS022,watchlist,2.0,2023-05-26
U00379,FAS045,watchlist,2.0,2023-10-02
U00380,FAS004,view,1.0,2022-03-01
U00380,FAS016,watchlist,2.0,2022-05-27
U00380,FAS048,watchlist,2.0,2022-08-14
U00380,FAS049,buy,4.0,2022-10-13
U00380,FAS036,view,1.0,2022-11-19
U00380,FAS014,view,1.0,2023-07-01
U00380,FAS060,view,1.0,2023-07-28
U00380,FAS050,view,1.0,2023-09-09
U00380,FAS022,view,1.0,2024-01-21
U00380,FAS056,buy,4.0,2024-06-05
U00380,FAS031,watchlist,2.0,2024-08-17
U00380,FAS008,view,1.0,2024-09-30
U00381,FAS047,watchlist,2.0,2022-03-14
U00381,FAS044,view,1.0,2022-04-28
U00381,FAS020,view,1.0,2022-10-14
U00381,FAS014,view,1.0,2022-11-12
U00381,FAS037,view,1.0,2022-12-18
U00381,FAS009,watchlist,2.0,2023-02-15
U00381,FAS055,watchlist,2.0,2023-04-09
U00381,FAS032,buy,4.0,2023-11-29
U00382,FAS003,watchlist,2.0,2022-01-22
U00382,FAS023,view,1.0,2022-02-10
U00382,FAS032,buy,4.0,2022-07-25
U00382,FAS029,buy,4.0,2022-11-18
U00382,FAS009,watchlist,2.0,2022-11-23
U00382,FAS008,view,1.0,2023-10-27
U00382,FAS024,watchlist,2.0,2023-12-08
U00382,FAS052,view,1.0,2024-06-28
U00382,FAS001,watchlist,2.0,2024-08-27
U00382,FAS059,view,1.0,2024-12-04
U00383,FAS060,view,1.0,2022-01-24
U00383,FAS049,view,1.0,2022-05-31
U00383,FAS013,view,1.0,2022-06-15
U00383,FAS034,watchlist,2.0,2022-10-09
U00383,FAS014,watchlist,2.0,2022-10-22
U00383,FAS032,buy,4.0,2022-11-22
U00383,FAS026,view,1.0,2023-04-08
U00383,FAS028,buy,4.0,2023-07-05
U00383,FAS030,watchlist,2.0,2023-07-23
U00383,FAS012,buy,4.0,2023-08-23
U00383,FAS020,view,1.0,2023-09-28
U00383,FAS050,watchlist,2.0,2024-02-09
U00383,FAS048,buy,4.0,2024-03-24
U00383,FAS043,watchlist,2.0,2024-05-17
U00383,FAS018,watchlist,2.0,2024-05-20
U00383,FAS009,buy,4.0,2024-06-27
U00384,FAS027,buy,4.0,2022-04-14
U00384,FAS024,buy,4.0,2022-04-15
U00384,FAS049,buy,4.0,2022-05-12
U00384,FAS019,buy,4.0,2022-10-15
U00384,FAS014,view,1.0,2023-01-19
U00384,FAS057,view,1.0,2023-01-30
U00385,FAS007,buy,4.0,2022-02-22
U00385,FAS049,view,1.0,2022-03-18
U00385,FAS032,watchlist,2.0,2022-06-13
U00385,FAS013,buy,4.0,2022-08-05
U00385,FAS054,buy,4.0,2023-02-09
U00385,FAS019,watchlist,2.0,2023-04-02
U00385,FAS059,view,1.0,2023-08-21
U00385,FAS037,watchlist,2.0,2023-09-02
U00385,FAS043,watchlist,2.0,2024-04-30
U00386,FAS034,watchlist,2.0,2022-03-29
U00386,FAS023,view,1.0,2023-01-19
U00386,FAS032,buy,4.0,2023-01-22
U00386,FAS048,watchlist,2.0,2023-02-10
U00386,FAS001,view,1.0,2023-04-17
U00386,FAS021,watchlist,2.0,2023-06-30
U00386,FAS050,view,1.0,2023-07-14
U00386,FAS007,view,1.0,2023-11-17
U00387,FAS023,view,1.0,2022-01-06
U00387,FAS039,view,1.0,2022-02-28
U00387,FAS045,view,1.0,2022-05-29
U00387,FAS019,view,1.0,2022-09-08
U00387,FAS006,watchlist,2.0,2022-11-29
U00387,FAS058,watchlist,2.0,2022-12-27
U00387,FAS051,watchlist,2.0,2023-03-15
U00387,FAS018,view,1.0,2023-08-19
U00387,FAS032,view,1.0,2023-09-08
U00387,FAS028,buy,4.0,2024-01-27
U00387,FAS034,buy,4.0,2024-05-01
U00388,FAS048,view,1.0,2022-03-04
U00388,FAS026,buy,4.0,2022-10-07
U00388,FAS019,view,1.0,2022-10-07
U00388,FAS018,watchlist,2.0,2023-05-01
U00388,FAS023,watchlist,2.0,2023-08-18
U00388,FAS039,buy,4.0,2023-10-07
U00388,FAS053,view,1.0,2023-11-26
U00388,FAS014,view,1.0,2023-12-19
U00388,FAS024,buy,4.0,2024-01-14
U00388,FAS042,watchlist,2.0,2024-02-29
U00389,FAS057,watchlist,2.0,2022-07-13
U00389,FAS032,view,1.0,2022-09-23
U00389,FAS023,buy,4.0,2022-12-01
U00389,FAS054,view,1.0,2022-12-27
U00389,FAS048,view,1.0,2023-02-25
U00389,FAS029,buy,4.0,2023-04-11
U00389,FAS041,view,1.0,2023-06-03
U00389,FAS035,buy,4.0,2023-09-07
U00389,FAS003,view,1.0,2023-10-12
U00389,FAS056,view,1.0,2023-10-13
U00389,FAS031,view,1.0,2023-10-19
U00389,FAS044,buy,4.0,2024-01-13
U00389,FAS021,watchlist,2.0,2024-02-09
U00389,FAS019,view,1.0,2024-03-05
U00389,FAS020,watchlist,2.0,2024-05-11
U00389,FAS052,buy,4.0,2024-06-16
U00390,FAS024,watchlist,2.0,2022-01-22
U00390,FAS028,view,1.0,2022-02-23
U00390,FAS058,buy,4.0,2022-03-22
U00390,FAS042,watchlist,2.0,2023-05-02
U00390,FAS049,buy,4.0,2023-05-09
U00390,FAS029,buy,4.0,2023-07-01
U00390,FAS026,view,1.0,2023-09-27
U00390,FAS020,view,1.0,2024-08-01
U00391,FAS047,view,1.0,2022-01-02
U00391,FAS019,buy,4.0,2022-08-20
U00391,FAS027,view,1.0,2023-01-27
U00391,FAS031,view,1.0,2023-08-02
U00391,FAS024,watchlist,2.0,2023-08-23
U00391,FAS058,watchlist,2.0,2024-06-07
U00391,FAS026,view,1.0,2024-07-18
U00392,FAS040,buy,4.0,2022-05-03
U00392,FAS060,buy,4.0,2022-07-03
U00392,FAS017,watchlist,2.0,2022-11-26
U00392,FAS054,watchlist,2.0,2023-10-20
U00392,FAS051,watchlist,2.0,2023-10-27
U00392,FAS032,watchlist,2.0,2023-11-12
U00392,FAS042,view,1.0,2023-11-28
U00392,FAS013,buy,4.0,2023-12-06
U00393,FAS055,view,1.0,2022-04-17
U00393,FAS048,watchlist,2.0,2022-07-19
U00393,FAS012,watchlist,2.0,2023-01-29
U00393,FAS042,view,1.0,2023-02-22
U00393,FAS013,buy,4.0,2023-05-23
U00393,FAS039,buy,4.0,2023-06-07
U00393,FAS050,buy,4.0,2023-08-04
U00393,FAS030,view,1.0,2023-08-27
U00393,FAS046,buy,4.0,2023-09-10
U00393,FAS035,watchlist,2.0,2024-03-15
U00394,FAS017,buy,4.0,2022-07-02
U00394,FAS058,watchlist,2.0,2022-07-17
U00394,FAS003,view,1.0,2022-09-08
U00394,FAS042,buy,4.0,2022-12-24
U00394,FAS032,view,1.0,2023-01-12
U00394,FAS059,view,1.0,2023-01-14
U00394,FAS055,watchlist,2.0,2023-02-14
U00394,FAS037,buy,4.0,2023-04-05
U00394,FAS043,view,1.0,2023-04-07
U00394,FAS008,buy,4.0,2023-05-29
U00394,FAS006,watchlist,2.0,2023-08-02
U00394,FAS026,view,1.0,2023-09-13
U00394,FAS012,view,1.0,2023-09-15
U00394,FAS040,view,1.0,2023-11-26
U00394,FAS021,watchlist,2.0,2023-12-21
U00394,FAS050,buy,4.0,2024-07-28
U00395,FAS010,view,1.0,2022-03-31
U00395,FAS046,watchlist,2.0,2022-06-21
U00395,FAS059,watchlist,2.0,2022-06-27
U00395,FAS007,watchlist,2.0,2022-07-31
U00395,FAS021,watchlist,2.0,2022-10-09
U00395,FAS048,buy,4.0,2023-02-18
U00395,FAS060,view,1.0,2023-03-28
U00395,FAS016,watchlist,2.0,2023-07-09
U00395,FAS019,watchlist,2.0,2023-07-29
U00395,FAS013,watchlist,2.0,2023-12-11
U00395,FAS002,watchlist,2.0,2024-02-19
U00396,FAS019,watchlist,2.0,2022-08-28
U00396,FAS047,watchlist,2.0,2022-10-02
U00396,FAS037,watchlist,2.0,2022-10-10
U00396,FAS014,watchlist,2.0,2022-11-27
U00396,FAS042,buy,4.0,2023-03-11
U00396,FAS025,view,1.0,2023-04-21
U00396,FAS012,watchlist,2.0,2023-06-10
U00396,FAS050,watchlist,2.0,2023-07-05
U00396,FAS045,buy,4.0,2023-12-22
U00396,FAS006,buy,4.0,2024-07-04
U00396,FAS028,view,1.0,2024-07-10
U00397,FAS023,buy,4.0,2022-02-12
U00397,FAS026,watchlist,2.0,2022-03-06
U00397,FAS041,buy,4.0,2022-04-01
U00397,FAS035,watchlist,2.0,2022-07-29
U00397,FAS055,buy,4.0,2023-02-15
U00397,FAS056,view,1.0,2023-02-20
U00397,FAS043,view,1.0,2023-02-28
U00397,FAS016,buy,4.0,2023-05-06
U00397,FAS036,view,1.0,2023-05-23
U00397,FAS025,buy,4.0,2023-11-07
U00397,FAS009,view,1.0,2024-01-14
U00397,FAS029,buy,4.0,2024-01-21
U00398,FAS038,buy,4.0,2022-04-25
U00398,FAS035,watchlist,2.0,2022-07-23
U00398,FAS054,watchlist,2.0,2022-10-24
U00398,FAS029,watchlist,2.0,2022-11-10
U00398,FAS015,view,1.0,2023-01-04
U00398,FAS057,view,1.0,2023-01-29
U00398,FAS020,buy,4.0,2023-03-04
U00398,FAS050,view,1.0,2023-10-08
U00398,FAS032,buy,4.0,2024-02-09
U00398,FAS036,buy,4.0,2024-08-15
U00399,FAS034,watchlist,2.0,2022-02-21
U00399,FAS043,watchlist,2.0,2022-05-14
U00399,FAS016,watchlist,2.0,2022-07-19
U00399,FAS013,watchlist,2.0,2022-12-19
U00399,FAS021,view,1.0,2023-05-12
U00399,FAS057,buy,4.0,2023-06-05
U00399,FAS011,watchlist,2.0,2023-11-15
U00399,FAS039,watchlist,2.0,2023-12-06
U00399,FAS037,watchlist,2.0,2024-06-20
U00399,FAS008,view,1.0,2024-08-12
U00399,FAS055,view,1.0,2024-09-02
U00400,FAS056,view,1.0,2022-07-07
U00400,FAS036,buy,4.0,2022-10-30
U00400,FAS010,buy,4.0,2023-03-12
U00400,FAS033,view,1.0,2023-08-18
U00400,FAS035,buy,4.0,2024-01-04
U00400,FAS028,view,1.0,2024-07-03
U00401,FAS034,buy,4.0,2022-01-21
U00401,FAS048,view,1.0,2022-02-15
U00401,FAS028,view,1.0,2022-07-08
U00401,FAS057,buy,4.0,2022-07-10
U00401,FAS036,view,1.0,2023-05-29
U00401,FAS052,buy,4.0,2023-11-22
U00401,FAS022,buy,4.0,2023-12-03
U00401,FAS032,buy,4.0,2024-01-30
U00401,FAS030,view,1.0,2024-04-26
U00401,FAS037,watchlist,2.0,2024-05-10
U00401,FAS050,watchlist,2.0,2024-05-24
U00401,FAS012,buy,4.0,2024-05-29
U00401,FAS040,view,1.0,2024-07-25
U00402,FAS027,watchlist,2.0,2022-02-01
U00402,FAS003,buy,4.0,2022-02-15
U00402,FAS048,watchlist,2.0,2022-05-07
U00402,FAS035,view,1.0,2022-09-23
U00402,FAS012,buy,4.0,2023-02-10
U00402,FAS015,view,1.0,2023-05-09
U00402,FAS026,buy,4.0,2023-06-19
U00402,FAS057,buy,4.0,2023-07-16
U00402,FAS002,watchlist,2.0,2023-07-18
U00402,FAS001,watchlist,2.0,2023-08-23
U00402,FAS006,watchlist,2.0,2023-11-02
U00402,FAS046,buy,4.0,2023-11-25
U00402,FAS024,view,1.0,2024-06-14
U00402,FAS005,view,1.0,2024-06-23
U00402,FAS029,view,1.0,2024-07-06
U00403,FAS046,view,1.0,2022-01-11
U00403,FAS048,view,1.0,2022-02-14
U00403,FAS005,buy,4.0,2022-02-21
U00403,FAS016,view,1.0,2022-03-03
U00403,FAS001,buy,4.0,2023-05-03
U00403,FAS050,watchlist,2.0,2023-06-30
U00403,FAS012,watchlist,2.0,2023-07-28
U00403,FAS014,watchlist,2.0,2023-08-20
U00404,FAS021,buy,4.0,2022-01-26
U00404,FAS014,watchlist,2.0,2022-06-08
U00404,FAS047,buy,4.0,2022-07-05
U00404,FAS044,view,1.0,2023-01-11
U00404,FAS030,watchlist,2.0,2023-11-15
U00404,FAS015,watchlist,2.0,2023-12-28
U00404,FAS049,view,1.0,2024-02-02
U00404,FAS028,watchlist,2.0,2024-05-12
U00405,FAS001,watchlist,2.0,2022-01-16
U00405,FAS049,watchlist,2.0,2022-09-14
U00405,FAS008,watchlist,2.0,2023-05-16
U00405,FAS018,buy,4.0,2023-09-12
U00405,FAS013,watchlist,2.0,2023-10-24
U00405,FAS027,view,1.0,2023-12-04
U00406,FAS025,view,1.0,2022-04-14
U00406,FAS026,watchlist,2.0,2022-12-13
U00406,FAS034,buy,4.0,2023-01-19
U00406,FAS047,buy,4.0,2023-03-21
U00406,FAS057,view,1.0,2023-04-14
U00406,FAS029,buy,4.0,2023-09-06
U00406,FAS008,view,1.0,2023-10-19
U00406,FAS059,watchlist,2.0,2024-03-30
U00407,FAS036,view,1.0,2022-01-05
U00407,FAS024,buy,4.0,2022-04-06
U00407,FAS038,buy,4.0,2022-06-04
U00407,FAS032,view,1.0,2022-10-14
U00407,FAS033,buy,4.0,2022-11-21
U00407,FAS003,watchlist,2.0,2022-12-23
U00407,FAS040,view,1.0,2023-01-25
U00407,FAS007,watchlist,2.0,2023-02-26
U00407,FAS001,watchlist,2.0,2023-03-24
U00407,FAS057,watchlist,2.0,2023-07-03
U00407,FAS035,watchlist,2.0,2023-07-18
U00407,FAS039,buy,4.0,2023-11-07
U00407,FAS029,buy,4.0,2024-03-23
U00407,FAS004,view,1.0,2024-05-11
U00407,FAS027,view,1.0,2024-07-26
U00408,FAS022,watchlist,2.0,2022-04-11
U00408,FAS011,view,1.0,2022-04-16
U00408,FAS013,watchlist,2.0,2022-05-16
U00408,FAS038,buy,4.0,2022-08-02
U00408,FAS059,watchlist,2.0,2022-08-27
U00408,FAS039,buy,4.0,2022-09-22
U00408,FAS049,watchlist,2.0,2022-11-28
U00408,FAS044,buy,4.0,2023-06-16
U00408,FAS043,buy,4.0,2023-08-06
U00408,FAS009,view,1.0,2023-10-14
U00408,FAS001,view,1.0,2024-01-29
U00408,FAS058,watchlist,2.0,2024-03-01
U00408,FAS010,watchlist,2.0,2024-04-05
U00408,FAS025,view,1.0,2024-05-03
U00408,FAS026,view,1.0,2024-08-10
U00409,FAS017,buy,4.0,2022-11-20
U00409,FAS035,view,1.0,2022-12-04
U00409,FAS039,watchlist,2.0,2023-02-06
U00409,FAS056,watchlist,2.0,2023-04-19
U00409,FAS028,buy,4.0,2024-02-22
U00409,FAS021,buy,4.0,2024-05-06
U00410,FAS043,view,1.0,2022-01-05
U00410,FAS010,buy,4.0,2022-03-20
U00410,FAS012,buy,4.0,2022-03-31
U00410,FAS028,view,1.0,2022-06-18
U00410,FAS049,buy,4.0,2022-08-03
U00410,FAS035,buy,4.0,2023-02-21
U00410,FAS041,watchlist,2.0,2023-04-11
U00410,FAS027,watchlist,2.0,2023-05-04
U00410,FAS034,buy,4.0,2023-05-31
U00410,FAS001,watchlist,2.0,2023-08-10
U00410,FAS023,view,1.0,2023-11-19
U00410,FAS042,watchlist,2.0,2023-12-22
U00410,FAS033,buy,4.0,2024-02-18
U00410,FAS053,buy,4.0,2024-03-16
U00410,FAS045,watchlist,2.0,2024-04-07
U00411,FAS037,view,1.0,2022-01-18
U00411,FAS059,buy,4.0,2022-10-28
U00411,FAS049,buy,4.0,2023-08-07
U00411,FAS008,buy,4.0,2023-09-30
U00411,FAS035,watchlist,2.0,2023-11-29
U00411,FAS036,view,1.0,2024-03-25
U00412,FAS022,watchlist,2.0,2022-05-15
U00412,FAS021,buy,4.0,2022-06-11
U00412,FAS051,view,1.0,2022-11-27
U00412,FAS013,view,1.0,2022-12-29
U00412,FAS049,watchlist,2.0,2023-02-10
U00412,FAS057,view,1.0,2023-03-06
U00412,FAS034,watchlist,2.0,2023-10-07
U00413,FAS024,view,1.0,2022-05-25
U00413,FAS055,buy,4.0,2022-07-20
U00413,FAS048,watchlist,2.0,2022-12-01
U00413,FAS047,view,1.0,2022-12-24
U00413,FAS029,view,1.0,2023-04-22
U00413,FAS051,view,1.0,2023-06-21
U00413,FAS023,watchlist,2.0,2023-06-30
U00414,FAS034,buy,4.0,2022-01-04
U00414,FAS052,watchlist,2.0,2022-03-16
U00414,FAS037,buy,4.0,2022-08-18
U00414,FAS016,buy,4.0,2023-03-23
U00414,FAS001,watchlist,2.0,2023-05-29
U00414,FAS019,watchlist,2.0,2024-01-11
U00414,FAS013,view,1.0,2024-05-01
U00414,FAS056,watchlist,2.0,2024-06-01
U00415,FAS060,view,1.0,2022-02-23
U00415,FAS012,view,1.0,2022-12-13
U00415,FAS010,watchlist,2.0,2023-04-01
U00415,FAS011,watchlist,2.0,2023-05-09
U00415,FAS059,watchlist,2.0,2023-07-23
U00415,FAS058,buy,4.0,2023-08-11
U00415,FAS036,buy,4.0,2024-02-12
U00415,FAS049,view,1.0,2024-02-28
U00415,FAS028,view,1.0,2024-06-08
U00415,FAS003,buy,4.0,2024-07-23
U00416,FAS020,view,1.0,2022-01-24
U00416,FAS049,watchlist,2.0,2022-05-17
U00416,FAS004,buy,4.0,2023-01-12
U00416,FAS031,view,1.0,2023-02-14
U00416,FAS035,watchlist,2.0,2023-04-20
U00416,FAS047,watchlist,2.0,2023-05-18
U00416,FAS038,buy,4.0,2023-06-14
U00416,FAS055,watchlist,2.0,2023-06-21
U00416,FAS005,view,1.0,2023-11-30
U00416,FAS044,view,1.0,2023-12-17
U00416,FAS054,view,1.0,2024-04-20
U00416,FAS012,watchlist,2.0,2024-07-28
U00416,FAS033,buy,4.0,2024-08-04
U00417,FAS013,view,1.0,2022-03-17
U00417,FAS007,view,1.0,2022-10-02
U00417,FAS009,view,1.0,2022-12-19
U00417,FAS032,watchlist,2.0,2023-02-09
U00417,FAS042,buy,4.0,2023-02-16
U00417,FAS010,view,1.0,2023-09-17
U00417,FAS043,watchlist,2.0,2023-10-09
U00417,FAS060,buy,4.0,2023-11-19
U00417,FAS036,view,1.0,2024-03-04
U00417,FAS019,view,1.0,2024-08-03
U00417,FAS053,view,1.0,2024-08-22
U00418,FAS018,view,1.0,2022-07-04
U00418,FAS032,watchlist,2.0,2022-10-09
U00418,FAS060,buy,4.0,2022-10-30
U00418,FAS024,watchlist,2.0,2023-01-09
U00418,FAS042,view,1.0,2023-12-03
U00418,FAS006,watchlist,2.0,2024-03-01
U00418,FAS059,buy,4.0,2024-03-17
U00418,FAS031,watchlist,2.0,2024-04-29
U00418,FAS044,view,1.0,2024-06-04
U00419,FAS019,view,1.0,2022-02-24
U00419,FAS045,watchlist,2.0,2022-03-09
U00419,FAS031,watchlist,2.0,2022-03-17
U00419,FAS050,view,1.0,2022-09-09
U00419,FAS002,watchlist,2.0,2022-11-01
U00419,FAS032,view,1.0,2023-05-12
U00419,FAS014,view,1.0,2023-09-22
U00419,FAS009,view,1.0,2023-12-30
U00420,FAS041,watchlist,2.0,2022-03-04
U00420,FAS010,buy,4.0,2022-04-04
U00420,FAS033,watchlist,2.0,2022-04-18
U00420,FAS057,buy,4.0,2022-06-04
U00420,FAS027,watchlist,2.0,2022-06-04
U00420,FAS040,watchlist,2.0,2022-08-24
U00420,FAS020,watchlist,2.0,2022-11-06
U00420,FAS042,view,1.0,2023-02-08
U00420,FAS024,view,1.0,2023-05-19
U00420,FAS054,view,1.0,2023-08-13
U00420,FAS045,watchlist,2.0,2023-12-07
U00421,FAS025,buy,4.0,2022-03-25
U00421,FAS053,view,1.0,2022-05-30
U00421,FAS042,view,1.0,2022-07-20
U00421,FAS019,watchlist,2.0,2022-07-30
U00421,FAS006,view,1.0,2022-10-22
U00421,FAS002,view,1.0,2023-01-14
U00421,FAS009,watchlist,2.0,2023-03-29
U00421,FAS057,watchlist,2.0,2023-10-06
U00422,FAS023,watchlist,2.0,2022-01-14
U00422,FAS015,view,1.0,2022-02-05
U00422,FAS044,view,1.0,2022-03-25
U00422,FAS043,buy,4.0,2022-05-24
U00422,FAS060,view,1.0,2022-05-30
U00422,FAS058,watchlist,2.0,2022-09-15
U00422,FAS028,view,1.0,2023-03-05
U00422,FAS003,watchlist,2.0,2023-05-31
U00422,FAS041,view,1.0,2023-08-19
U00422,FAS017,view,1.0,2023-09-03
U00422,FAS059,view,1.0,2023-10-05
U00422,FAS025,watchlist,2.0,2023-11-15
U00422,FAS026,view,1.0,2023-12-08
U00422,FAS010,view,1.0,2024-01-18
U00422,FAS047,view,1.0,2024-03-05
U00423,FAS013,view,1.0,2022-02-26
U00423,FAS024,watchlist,2.0,2022-03-12
U00423,FAS033,view,1.0,2022-04-17
U00423,FAS058,watchlist,2.0,2022-11-03
U00423,FAS010,buy,4.0,2022-11-05
U00423,FAS031,watchlist,2.0,2022-11-23
U00423,FAS045,buy,4.0,2022-11-27
U00423,FAS011,buy,4.0,2022-12-28
U00423,FAS050,view,1.0,2022-12-31
U00423,FAS012,buy,4.0,2023-02-16
U00423,FAS018,watchlist,2.0,2023-06-25
U00423,FAS020,watchlist,2.0,2024-01-12
U00423,FAS046,view,1.0,2024-06-03
U00423,FAS049,view,1.0,2024-08-12
U00423,FAS039,view,1.0,2024-09-28
U00423,FAS048,buy,4.0,2024-10-16
U00424,FAS018,watchlist,2.0,2022-02-04
U00424,FAS014,view,1.0,2022-07-11
U00424,FAS033,watchlist,2.0,2023-05-17
U00424,FAS007,buy,4.0,2023-06-13
U00424,FAS056,buy,4.0,2023-10-13
U00424,FAS051,view,1.0,2023-11-16
U00425,FAS036,buy,4.0,2022-05-20
U00425,FAS034,watchlist,2.0,2022-07-17
U00425,FAS044,watchlist,2.0,2023-03-02
U00425,FAS041,watchlist,2.0,2023-08-21
U00425,FAS040,watchlist,2.0,2023-12-17
U00425,FAS011,buy,4.0,2024-02-28
U00426,FAS043,view,1.0,2022-05-03
U00426,FAS039,buy,4.0,2022-05-03
U00426,FAS049,buy,4.0,2022-05-24
U00426,FAS046,watchlist,2.0,2022-07-21
U00426,FAS001,watchlist,2.0,2023-08-11
U00426,FAS012,watchlist,2.0,2023-09-22
U00426,FAS060,watchlist,2.0,2024-01-09
U00426,FAS050,watchlist,2.0,2024-01-21
U00426,FAS020,watchlist,2.0,2024-02-04
U00426,FAS007,view,1.0,2024-05-26
U00426,FAS002,view,1.0,2024-08-18
U00427,FAS023,view,1.0,2022-01-19
U00427,FAS052,view,1.0,2022-07-03
U00427,FAS009,view,1.0,2022-10-15
U00427,FAS032,view,1.0,2022-10-21
U00427,FAS013,view,1.0,2022-11-05
U00427,FAS012,view,1.0,2023-01-24
U00427,FAS041,view,1.0,2023-04-09
U00427,FAS049,view,1.0,2023-05-26
U00427,FAS047,view,1.0,2023-06-08
U00427,FAS045,view,1.0,2023-08-19
U00427,FAS038,buy,4.0,2023-09-27
U00427,FAS015,view,1.0,2023-12-20
U00427,FAS050,buy,4.0,2024-01-06
U00427,FAS028,watchlist,2.0,2024-02-13
U00427,FAS033,view,1.0,2024-03-24
U00427,FAS026,watchlist,2.0,2024-05-21
U00428,FAS018,watchlist,2.0,2022-03-30
U00428,FAS045,watchlist,2.0,2022-05-11
U00428,FAS004,view,1.0,2022-05-21
U00428,FAS015,view,1.0,2022-06-27
U00428,FAS057,buy,4.0,2022-10-10
U00428,FAS025,watchlist,2.0,2022-10-16
U00428,FAS058,buy,4.0,2022-11-14
U00428,FAS033,buy,4.0,2022-11-29
U00428,FAS023,watchlist,2.0,2022-12-11
U00428,FAS007,buy,4.0,2022-12-15
U00428,FAS043,watchlist,2.0,2022-12-19
U00428,FAS046,view,1.0,2023-11-22
U00429,FAS041,view,1.0,2022-02-15
U00429,FAS055,buy,4.0,2022-03-14
U00429,FAS043,view,1.0,2022-08-20
U00429,FAS035,watchlist,2.0,2022-12-15
U00429,FAS047,view,1.0,2022-12-21
U00429,FAS046,view,1.0,2023-08-19
U00429,FAS056,watchlist,2.0,2024-02-01
U00429,FAS039,view,1.0,2024-05-20
U00429,FAS058,watchlist,2.0,2024-07-30
U00429,FAS013,watchlist,2.0,2024-08-17
U00430,FAS018,view,1.0,2022-03-19
U00430,FAS017,view,1.0,2022-04-02
U00430,FAS001,view,1.0,2022-12-23
U00430,FAS009,buy,4.0,2023-03-15
U00430,FAS004,watchlist,2.0,2023-04-23
U00430,FAS006,view,1.0,2024-03-24
U00430,FAS046,watchlist,2.0,2024-05-31
U00430,FAS060,view,1.0,2024-09-19
U00430,FAS055,watchlist,2.0,2024-09-26
U00431,FAS004,buy,4.0,2022-02-23
U00431,FAS036,view,1.0,2022-03-19
U00431,FAS020,view,1.0,2022-08-07
U00431,FAS057,view,1.0,2022-10-15
U00431,FAS014,watchlist,2.0,2022-12-09
U00431,FAS007,view,1.0,2023-02-09
U00431,FAS022,view,1.0,2023-02-13
U00431,FAS050,view,1.0,2023-04-10
U00431,FAS056,watchlist,2.0,2023-08-22
U00431,FAS023,view,1.0,2023-09-07
U00431,FAS027,view,1.0,2023-09-30
U00431,FAS021,view,1.0,2023-10-28
U00431,FAS024,view,1.0,2023-11-09
U00431,FAS025,view,1.0,2023-11-24
U00431,FAS029,buy,4.0,2024-01-01
U00431,FAS049,view,1.0,2024-02-16
U00432,FAS023,watchlist,2.0,2022-03-08
U00432,FAS026,view,1.0,2022-03-09
U00432,FAS034,view,1.0,2022-06-08
U00432,FAS027,buy,4.0,2022-07-30
U00432,FAS022,watchlist,2.0,2023-05-10
U00432,FAS020,view,1.0,2023-06-01
U00432,FAS019,watchlist,2.0,2023-11-10
U00433,FAS013,watchlist,2.0,2022-03-10
U00433,FAS031,view,1.0,2022-05-31
U00433,FAS039,buy,4.0,2022-08-08
U00433,FAS015,watchlist,2.0,2022-09-11
U00433,FAS003,watchlist,2.0,2022-12-14
U00433,FAS004,watchlist,2.0,2023-01-04
U00433,FAS044,view,1.0,2023-04-25
U00434,FAS057,view,1.0,2022-02-07
U00434,FAS044,watchlist,2.0,2022-07-12
U00434,FAS006,buy,4.0,2022-09-26
U00434,FAS046,watchlist,2.0,2022-10-14
U00434,FAS020,view,1.0,2023-12-16
U00434,FAS012,watchlist,2.0,2024-04-29
U00434,FAS032,watchlist,2.0,2024-06-09
U00435,FAS022,view,1.0,2022-01-19
U00435,FAS006,buy,4.0,2022-03-21
U00435,FAS040,view,1.0,2022-05-23
U00435,FAS055,watchlist,2.0,2022-08-30
U00435,FAS058,view,1.0,2023-12-11
U00435,FAS035,buy,4.0,2024-01-10
U00435,FAS010,buy,4.0,2024-05-25
U00435,FAS027,view,1.0,2024-05-26
U00436,FAS059,view,1.0,2022-01-17
U00436,FAS029,view,1.0,2022-04-22
U00436,FAS051,watchlist,2.0,2022-10-27
U00436,FAS009,buy,4.0,2023-03-03
U00436,FAS048,view,1.0,2023-03-05
U00436,FAS054,view,1.0,2023-03-21
U00436,FAS019,buy,4.0,2023-04-24
U00436,FAS043,view,1.0,2023-07-23
U00436,FAS007,view,1.0,2023-12-14
U00436,FAS036,watchlist,2.0,2023-12-21
U00436,FAS011,view,1.0,2023-12-25
U00436,FAS034,buy,4.0,2023-12-30
U00436,FAS017,buy,4.0,2024-02-02
U00436,FAS057,buy,4.0,2024-02-13
U00437,FAS056,watchlist,2.0,2022-03-06
U00437,FAS004,watchlist,2.0,2022-03-30
U00437,FAS052,view,1.0,2022-04-25
U00437,FAS060,view,1.0,2022-04-29
U00437,FAS043,watchlist,2.0,2022-05-07
U00437,FAS008,buy,4.0,2022-05-17
U00437,FAS023,view,1.0,2022-05-17
U00437,FAS046,view,1.0,2022-06-20
U00437,FAS002,view,1.0,2022-07-06
U00437,FAS012,watchlist,2.0,2022-09-21
U00437,FAS015,watchlist,2.0,2022-10-18
U00437,FAS053,buy,4.0,2023-07-02
U00437,FAS037,watchlist,2.0,2023-07-05
U00437,FAS030,watchlist,2.0,2023-07-10
U00437,FAS041,watchlist,2.0,2023-07-13
U00437,FAS048,view,1.0,2023-11-17
U00438,FAS049,view,1.0,2022-03-22
U00438,FAS059,watchlist,2.0,2022-08-29
U00438,FAS016,view,1.0,2022-10-10
U00438,FAS035,watchlist,2.0,2023-01-02
U00438,FAS040,watchlist,2.0,2023-01-22
U00438,FAS013,view,1.0,2023-03-04
U00438,FAS010,watchlist,2.0,2023-05-06
U00438,FAS032,buy,4.0,2023-06-19
U00438,FAS003,watchlist,2.0,2023-11-22
U00438,FAS036,buy,4.0,2023-11-25
U00438,FAS026,view,1.0,2024-01-10
U00438,FAS024,view,1.0,2024-05-28
U00438,FAS019,buy,4.0,2024-06-03
U00438,FAS029,buy,4.0,2024-06-07
U00438,FAS027,view,1.0,2024-06-23
U00439,FAS035,buy,4.0,2022-04-18
U00439,FAS031,view,1.0,2022-04-28
U00439,FAS044,watchlist,2.0,2022-05-25
U00439,FAS014,view,1.0,2022-08-18
U00439,FAS002,watchlist,2.0,2022-10-21
U00439,FAS058,watchlist,2.0,2023-02-08
U00439,FAS019,view,1.0,2023-02-12
U00440,FAS020,view,1.0,2022-01-11
U00440,FAS033,watchlist,2.0,2022-07-01
U00440,FAS035,view,1.0,2022-08-08
U00440,FAS045,buy,4.0,2022-08-14
U00440,FAS040,view,1.0,2022-09-22
U00440,FAS036,watchlist,2.0,2022-10-24
U00440,FAS006,buy,4.0,2022-12-30
U00440,FAS002,watchlist,2.0,2023-02-26
U00440,FAS001,view,1.0,2023-03-24
U00440,FAS050,view,1.0,2023-05-16
U00440,FAS018,buy,4.0,2023-07-07
U00440,FAS056,buy,4.0,2023-07-17
U00440,FAS042,view,1.0,2023-10-15
U00440,FAS052,view,1.0,2024-01-02
U00440,FAS007,buy,4.0,2024-02-02
U00441,FAS054,view,1.0,2022-02-03
U00441,FAS027,watchlist,2.0,2022-03-20
U00441,FAS032,watchlist,2.0,2022-03-26
U00441,FAS043,watchlist,2.0,2022-04-15
U00441,FAS042,view,1.0,2022-04-16
U00441,FAS045,view,1.0,2022-10-13
U00441,FAS044,view,1.0,2022-11-14
U00441,FAS052,watchlist,2.0,2022-11-24
U00441,FAS060,view,1.0,2023-02-28
U00441,FAS039,view,1.0,2023-05-21
U00441,FAS026,buy,4.0,2023-09-14
U00441,FAS007,watchlist,2.0,2024-01-05
U00441,FAS021,buy,4.0,2024-06-05
U00442,FAS005,buy,4.0,2022-05-19
U00442,FAS011,watchlist,2.0,2023-03-27
U00442,FAS010,buy,4.0,2023-05-09
U00442,FAS016,buy,4.0,2023-07-01
U00442,FAS053,watchlist,2.0,2024-01-18
U00442,FAS013,watchlist,2.0,2024-02-01
U00442,FAS034,buy,4.0,2024-04-21
U00442,FAS012,watchlist,2.0,2024-09-18
U00442,FAS003,watchlist,2.0,2024-10-05
U00442,FAS017,watchlist,2.0,2024-11-01
U00442,FAS029,view,1.0,2024-12-16
U00443,FAS015,watchlist,2.0,2022-01-03
U00443,FAS014,view,1.0,2022-01-16
U00443,FAS057,view,1.0,2022-02-25
U00443,FAS058,watchlist,2.0,2022-05-01
U00443,FAS035,watchlist,2.0,2022-10-21
U00443,FAS017,watchlist,2.0,2022-11-10
U00443,FAS055,watchlist,2.0,2023-01-11
U00443,FAS012,watchlist,2.0,2023-07-18
U00443,FAS029,view,1.0,2023-07-24
U00443,FAS031,watchlist,2.0,2023-08-11
U00443,FAS011,watchlist,2.0,2023-08-30
U00443,FAS040,buy,4.0,2023-09-20
U00443,FAS021,watchlist,2.0,2023-12-31
U00443,FAS008,watchlist,2.0,2024-01-10
U00443,FAS010,watchlist,2.0,2024-05-18
U00443,FAS059,view,1.0,2024-05-26
U00444,FAS059,watchlist,2.0,2022-01-10
U00444,FAS007,buy,4.0,2022-01-11
U00444,FAS033,view,1.0,2022-01-21
U00444,FAS037,view,1.0,2022-03-08
U00444,FAS034,view,1.0,2022-04-03
U00444,FAS057,view,1.0,2022-04-14
U00444,FAS058,buy,4.0,2022-10-09
U00444,FAS028,view,1.0,2022-12-11
U00444,FAS039,view,1.0,2022-12-26
U00444,FAS014,view,1.0,2023-01-19
U00444,FAS056,watchlist,2.0,2023-08-25
U00444,FAS046,buy,4.0,2023-11-04
U00444,FAS010,view,1.0,2023-11-24
U00444,FAS005,watchlist,2.0,2024-02-19
U00445,FAS037,buy,4.0,2022-10-10
U00445,FAS028,view,1.0,2022-12-03
U00445,FAS019,view,1.0,2023-02-15
U00445,FAS014,view,1.0,2023-03-21
U00445,FAS001,watchlist,2.0,2023-04-18
U00445,FAS038,watchlist,2.0,2023-06-22
U00445,FAS035,view,1.0,2023-07-29
U00445,FAS051,watchlist,2.0,2024-04-01
U00445,FAS050,view,1.0,2024-04-17
U00445,FAS029,watchlist,2.0,2024-05-17
U00445,FAS017,buy,4.0,2024-05-27
U00446,FAS023,buy,4.0,2022-01-20
U00446,FAS024,view,1.0,2022-02-08
U00446,FAS038,view,1.0,2022-07-25
U00446,FAS004,buy,4.0,2022-09-25
U00446,FAS039,watchlist,2.0,2022-11-16
U00446,FAS046,view,1.0,2022-11-25
U00447,FAS013,view,1.0,2022-02-02
U00447,FAS037,watchlist,2.0,2022-03-10
U00447,FAS016,watchlist,2.0,2022-05-24
U00447,FAS049,watchlist,2.0,2022-10-09
U00447,FAS028,view,1.0,2023-10-11
U00447,FAS009,view,1.0,2024-05-09
U00448,FAS020,watchlist,2.0,2022-01-03
U00448,FAS054,view,1.0,2022-04-29
U00448,FAS039,view,1.0,2022-11-17
U00448,FAS047,view,1.0,2022-12-03
U00448,FAS012,buy,4.0,2023-07-11
U00448,FAS028,view,1.0,2024-01-02
U00449,FAS048,view,1.0,2022-05-18
U00449,FAS043,buy,4.0,2022-05-29
U00449,FAS039,buy,4.0,2022-08-19
U00449,FAS026,buy,4.0,2023-01-01
U00449,FAS001,view,1.0,2023-03-20
U00449,FAS003,watchlist,2.0,2023-08-09
U00449,FAS032,watchlist,2.0,2023-09-01
U00449,FAS023,buy,4.0,2023-10-22
U00449,FAS019,view,1.0,2023-11-25
U00449,FAS007,buy,4.0,2024-06-13
U00450,FAS035,view,1.0,2022-05-09
U00450,FAS045,view,1.0,2022-08-11
U00450,FAS048,buy,4.0,2022-10-23
U00450,FAS023,watchlist,2.0,2023-02-14
U00450,FAS025,view,1.0,2023-08-11
U00450,FAS033,view,1.0,2023-09-22
U00450,FAS056,buy,4.0,2023-10-04
U00450,FAS038,buy,4.0,2024-03-27
U00451,FAS024,view,1.0,2022-01-08
U00451,FAS054,view,1.0,2022-01-26
U00451,FAS041,watchlist,2.0,2022-07-23
U00451,FAS012,buy,4.0,2022-07-24
U00451,FAS042,view,1.0,2022-12-30
U00451,FAS022,buy,4.0,2023-02-21
U00451,FAS017,buy,4.0,2023-04-24
U00451,FAS028,watchlist,2.0,2023-07-26
U00452,FAS013,view,1.0,2022-03-14
U00452,FAS018,watchlist,2.0,2022-03-24
U00452,FAS006,view,1.0,2022-06-10
U00452,FAS005,view,1.0,2022-07-14
U00452,FAS040,buy,4.0,2022-11-08
U00452,FAS035,watchlist,2.0,2022-12-16
U00452,FAS034,watchlist,2.0,2023-01-21
U00452,FAS049,buy,4.0,2023-02-23
U00452,FAS033,view,1.0,2023-05-06
U00452,FAS019,watchlist,2.0,2023-06-08
U00452,FAS012,view,1.0,2023-07-01
U00452,FAS004,watchlist,2.0,2023-10-18
U00452,FAS020,buy,4.0,2024-03-04
U00452,FAS025,watchlist,2.0,2024-04-13
U00452,FAS051,watchlist,2.0,2024-04-22
U00453,FAS015,watchlist,2.0,2022-03-06
U00453,FAS060,watchlist,2.0,2022-07-07
U00453,FAS037,view,1.0,2022-08-25
U00453,FAS056,view,1.0,2023-03-27
U00453,FAS025,view,1.0,2023-05-09
U00453,FAS029,watchlist,2.0,2023-07-30
U00453,FAS059,buy,4.0,2023-08-25
U00453,FAS008,view,1.0,2023-08-26
U00453,FAS009,buy,4.0,2023-10-22
U00453,FAS047,buy,4.0,2023-12-17
U00453,FAS036,buy,4.0,2024-02-06
U00453,FAS048,view,1.0,2024-05-23
U00453,FAS013,view,1.0,2024-09-05
U00454,FAS025,view,1.0,2022-08-11
U00454,FAS036,view,1.0,2022-08-22
U00454,FAS033,watchlist,2.0,2024-01-10
U00454,FAS007,watchlist,2.0,2024-02-13
U00454,FAS035,buy,4.0,2024-03-26
U00454,FAS043,buy,4.0,2024-04-01
U00454,FAS042,view,1.0,2024-06-05
U00454,FAS041,view,1.0,2024-06-08
U00454,FAS013,view,1.0,2024-08-02
U00454,FAS003,buy,4.0,2024-08-14
U00455,FAS020,watchlist,2.0,2022-02-03
U00455,FAS058,buy,4.0,2022-03-10
U00455,FAS027,watchlist,2.0,2022-04-01
U00455,FAS023,view,1.0,2022-10-05
U00455,FAS013,buy,4.0,2022-10-23
U00455,FAS017,buy,4.0,2022-11-01
U00455,FAS035,watchlist,2.0,2023-01-04
U00455,FAS040,watchlist,2.0,2023-05-04
U00455,FAS024,view,1.0,2023-06-08
U00455,FAS048,view,1.0,2023-07-28
U00455,FAS019,watchlist,2.0,2023-09-30
U00455,FAS026,watchlist,2.0,2024-03-31
U00455,FAS007,buy,4.0,2024-04-30
U00455,FAS037,watchlist,2.0,2024-08-29
U00456,FAS051,buy,4.0,2022-03-11
U00456,FAS038,watchlist,2.0,2022-04-26
U00456,FAS057,view,1.0,2022-08-12
U00456,FAS011,view,1.0,2022-11-20
U00456,FAS013,view,1.0,2022-11-30
U00456,FAS052,watchlist,2.0,2023-01-29
U00456,FAS018,watchlist,2.0,2023-02-13
U00456,FAS043,view,1.0,2023-12-16
U00456,FAS029,buy,4.0,2024-03-02
U00456,FAS054,view,1.0,2024-07-27
U00457,FAS002,view,1.0,2022-03-30
U00457,FAS056,view,1.0,2022-04-26
U00457,FAS058,view,1.0,2023-02-09
U00457,FAS016,view,1.0,2023-03-30
U00457,FAS036,view,1.0,2023-03-31
U00457,FAS050,view,1.0,2023-06-07
U00457,FAS010,buy,4.0,2023-07-09
U00457,FAS001,buy,4.0,2023-09-06
U00457,FAS033,view,1.0,2023-10-09
U00457,FAS026,watchlist,2.0,2024-07-01
U00457,FAS038,view,1.0,2024-09-19
U00457,FAS015,view,1.0,2024-10-31
U00458,FAS032,view,1.0,2022-03-24
U00458,FAS040,view,1.0,2022-03-25
U00458,FAS030,buy,4.0,2022-06-24
U00458,FAS041,watchlist,2.0,2022-08-30
U00458,FAS003,buy,4.0,2022-10-21
U00458,FAS036,watchlist,2.0,2022-10-23
U00458,FAS008,watchlist,2.0,2022-12-20
U00458,FAS054,buy,4.0,2023-01-11
U00458,FAS042,buy,4.0,2023-02-04
U00458,FAS026,watchlist,2.0,2023-03-12
U00458,FAS055,buy,4.0,2023-05-29
U00458,FAS022,watchlist,2.0,2023-06-23
U00458,FAS059,watchlist,2.0,2023-09-14
U00458,FAS013,buy,4.0,2023-11-01
U00459,FAS036,view,1.0,2022-03-08
U00459,FAS056,buy,4.0,2023-01-12
U00459,FAS035,buy,4.0,2023-01-13
U00459,FAS030,view,1.0,2023-03-06
U00459,FAS020,watchlist,2.0,2023-03-31
U00459,FAS002,view,1.0,2023-06-01
U00459,FAS058,view,1.0,2023-06-25
U00459,FAS032,view,1.0,2023-06-28
U00459,FAS038,buy,4.0,2023-09-28
U00459,FAS005,watchlist,2.0,2024-01-21
U00459,FAS024,view,1.0,2024-04-30
U00459,FAS026,watchlist,2.0,2024-06-04
U00459,FAS011,buy,4.0,2024-08-14
U00459,FAS046,watchlist,2.0,2024-10-09
U00460,FAS036,view,1.0,2022-01-04
U00460,FAS022,watchlist,2.0,2022-03-02
U00460,FAS039,view,1.0,2022-04-24
U00460,FAS017,buy,4.0,2022-05-09
U00460,FAS020,watchlist,2.0,2022-05-17
U00460,FAS011,view,1.0,2022-07-04
U00460,FAS047,watchlist,2.0,2022-11-14
U00460,FAS053,watchlist,2.0,2023-04-05
U00461,FAS016,watchlist,2.0,2022-03-19
U00461,FAS027,view,1.0,2022-04-20
U00461,FAS002,watchlist,2.0,2022-05-06
U00461,FAS059,watchlist,2.0,2022-05-28
U00461,FAS058,watchlist,2.0,2022-06-12
U00461,FAS032,watchlist,2.0,2022-10-11
U00461,FAS019,buy,4.0,2022-12-29
U00461,FAS041,view,1.0,2023-02-22
U00461,FAS021,view,1.0,2023-12-19
U00461,FAS057,watchlist,2.0,2024-01-20
U00461,FAS037,view,1.0,2024-04-30
U00461,FAS036,buy,4.0,2024-06-02
U00461,FAS042,watchlist,2.0,2024-06-23
U00461,FAS039,view,1.0,2024-07-06
U00461,FAS015,watchlist,2.0,2024-07-17
U00461,FAS055,buy,4.0,2024-08-25
U00462,FAS033,view,1.0,2022-05-24
U00462,FAS036,view,1.0,2022-07-20
U00462,FAS043,view,1.0,2022-07-31
U00462,FAS030,watchlist,2.0,2022-08-11
U00462,FAS025,buy,4.0,2022-11-24
U00462,FAS001,watchlist,2.0,2024-01-16
U00462,FAS034,watchlist,2.0,2024-01-31
U00462,FAS050,view,1.0,2024-03-04
U00463,FAS043,watchlist,2.0,2022-01-01
U00463,FAS014,watchlist,2.0,2022-08-01
U00463,FAS031,buy,4.0,2022-09-19
U00463,FAS050,watchlist,2.0,2022-12-10
U00463,FAS055,watchlist,2.0,2023-03-17
U00463,FAS041,buy,4.0,2023-04-20
U00463,FAS019,view,1.0,2023-09-10
U00463,FAS022,watchlist,2.0,2023-10-13
U00463,FAS008,watchlist,2.0,2023-11-03
U00463,FAS012,view,1.0,2023-12-25
U00464,FAS036,view,1.0,2022-05-16
U00464,FAS032,view,1.0,2022-11-30
U00464,FAS053,buy,4.0,2023-01-26
U00464,FAS024,watchlist,2.0,2023-01-31
U00464,FAS052,view,1.0,2023-08-21
U00464,FAS038,watchlist,2.0,2023-09-09
U00464,FAS025,view,1.0,2023-10-10
U00464,FAS023,view,1.0,2023-10-22
U00465,FAS021,view,1.0,2022-03-27
U00465,FAS057,view,1.0,2022-09-04
U00465,FAS054,watchlist,2.0,2022-12-28
U00465,FAS031,view,1.0,2023-04-13
U00465,FAS033,buy,4.0,2023-11-22
U00465,FAS009,watchlist,2.0,2023-12-15
U00465,FAS059,view,1.0,2024-03-31
U00466,FAS022,watchlist,2.0,2022-07-08
U00466,FAS053,watchlist,2.0,2022-08-18
U00466,FAS044,watchlist,2.0,2023-01-11
U00466,FAS018,buy,4.0,2023-06-30
U00466,FAS038,watchlist,2.0,2023-08-25
U00466,FAS009,watchlist,2.0,2023-09-10
U00466,FAS002,view,1.0,2023-12-24
U00466,FAS052,buy,4.0,2024-02-01
U00466,FAS024,buy,4.0,2024-02-06
U00466,FAS047,buy,4.0,2024-02-10
U00466,FAS051,view,1.0,2024-03-17
U00466,FAS019,view,1.0,2024-03-24
U00466,FAS034,buy,4.0,2024-08-13
U00466,FAS057,view,1.0,2024-09-21
U00467,FAS027,watchlist,2.0,2022-02-05
U00467,FAS033,watchlist,2.0,2023-04-05
U00467,FAS021,view,1.0,2023-06-30
U00467,FAS053,watchlist,2.0,2023-08-08
U00467,FAS020,view,1.0,2023-08-30
U00467,FAS017,watchlist,2.0,2024-03-03
U00467,FAS050,watchlist,2.0,2024-04-12
U00468,FAS033,view,1.0,2022-04-03
U00468,FAS036,view,1.0,2022-05-25
U00468,FAS050,watchlist,2.0,2022-05-28
U00468,FAS004,view,1.0,2022-10-08
U00468,FAS013,view,1.0,2022-11-03
U00468,FAS019,watchlist,2.0,2022-12-23
U00468,FAS009,watchlist,2.0,2023-01-24
U00468,FAS045,buy,4.0,2023-02-13
U00468,FAS043,view,1.0,2023-04-18
U00468,FAS001,view,1.0,2023-06-12
U00468,FAS059,view,1.0,2023-06-27
U00469,FAS038,view,1.0,2022-02-12
U00469,FAS016,buy,4.0,2022-05-29
U00469,FAS050,view,1.0,2022-06-22
U00469,FAS044,view,1.0,2022-06-23
U00469,FAS013,buy,4.0,2022-11-30
U00469,FAS037,view,1.0,2023-01-19
U00469,FAS058,view,1.0,2023-03-17
U00469,FAS014,buy,4.0,2023-05-09
U00469,FAS006,view,1.0,2023-08-09
U00469,FAS036,view,1.0,2024-01-14
U00469,FAS004,view,1.0,2024-08-29
U00470,FAS033,view,1.0,2022-01-06
U00470,FAS032,view,1.0,2022-05-16
U00470,FAS057,view,1.0,2022-07-12
U00470,FAS045,view,1.0,2022-08-01
U00470,FAS034,view,1.0,2022-09-03
U00470,FAS019,buy,4.0,2023-01-06
U00470,FAS050,view,1.0,2023-03-03
U00470,FAS040,view,1.0,2023-09-06
U00470,FAS021,view,1.0,2023-11-07
U00470,FAS059,watchlist,2.0,2024-01-07
U00470,FAS005,watchlist,2.0,2024-02-15
U00471,FAS014,buy,4.0,2022-01-04
U00471,FAS010,view,1.0,2022-02-26
U00471,FAS051,view,1.0,2022-03-31
U00471,FAS058,buy,4.0,2022-04-28
U00471,FAS026,watchlist,2.0,2022-12-10
U00471,FAS022,buy,4.0,2023-02-12
U00471,FAS002,watchlist,2.0,2023-03-11
U00471,FAS050,watchlist,2.0,2023-05-04
U00471,FAS044,view,1.0,2023-08-06
U00471,FAS053,watchlist,2.0,2023-09-29
U00471,FAS047,view,1.0,2023-12-20
U00471,FAS034,watchlist,2.0,2024-03-16
U00471,FAS024,watchlist,2.0,2024-06-07
U00472,FAS057,buy,4.0,2022-04-03
U00472,FAS002,buy,4.0,2022-04-21
U00472,FAS054,watchlist,2.0,2022-07-01
U00472,FAS042,watchlist,2.0,2022-07-26
U00472,FAS055,view,1.0,2022-09-27
U00472,FAS005,buy,4.0,2022-12-25
U00472,FAS031,buy,4.0,2023-02-03
U00472,FAS004,view,1.0,2023-03-16
U00472,FAS028,buy,4.0,2023-05-10
U00472,FAS010,view,1.0,2023-08-23
U00472,FAS038,watchlist,2.0,2023-09-09
U00472,FAS052,watchlist,2.0,2023-11-14
U00473,FAS032,view,1.0,2022-01-21
U00473,FAS040,view,1.0,2022-05-04
U00473,FAS024,view,1.0,2022-07-30
U00473,FAS048,buy,4.0,2023-01-26
U00473,FAS050,watchlist,2.0,2023-04-12
U00473,FAS035,buy,4.0,2023-07-28
U00473,FAS023,buy,4.0,2024-02-26
U00473,FAS012,view,1.0,2024-07-20
U00474,FAS047,watchlist,2.0,2022-06-20
U00474,FAS055,buy,4.0,2023-01-25
U00474,FAS018,buy,4.0,2023-04-12
U00474,FAS016,view,1.0,2023-06-22
U00474,FAS030,buy,4.0,2023-10-30
U00474,FAS054,buy,4.0,2023-11-11
U00474,FAS031,buy,4.0,2024-09-13
U00474,FAS034,view,1.0,2024-11-03
U00475,FAS060,view,1.0,2022-01-12
U00475,FAS007,view,1.0,2022-02-22
U00475,FAS037,watchlist,2.0,2022-03-08
U00475,FAS058,view,1.0,2022-04-08
U00475,FAS008,view,1.0,2022-07-10
U00475,FAS005,view,1.0,2023-05-10
U00475,FAS036,watchlist,2.0,2023-08-07
U00475,FAS035,watchlist,2.0,2023-10-29
U00475,FAS021,watchlist,2.0,2023-11-13
U00475,FAS013,view,1.0,2023-11-25
U00475,FAS041,buy,4.0,2023-12-21
U00475,FAS025,buy,4.0,2024-02-04
U00475,FAS009,buy,4.0,2024-03-11
U00475,FAS051,buy,4.0,2024-06-10
U00475,FAS018,view,1.0,2024-06-13
U00476,FAS044,view,1.0,2022-02-21
U00476,FAS047,watchlist,2.0,2022-05-29
U00476,FAS022,watchlist,2.0,2022-07-08
U00476,FAS003,view,1.0,2023-02-09
U00476,FAS036,buy,4.0,2023-04-05
U00476,FAS001,watchlist,2.0,2023-07-14
U00476,FAS053,watchlist,2.0,2023-09-13
U00476,FAS025,buy,4.0,2024-02-23
U00476,FAS004,view,1.0,2024-04-01
U00476,FAS015,watchlist,2.0,2024-07-20
U00477,FAS043,watchlist,2.0,2022-01-28
U00477,FAS029,buy,4.0,2022-03-10
U00477,FAS028,watchlist,2.0,2022-04-17
U00477,FAS036,view,1.0,2022-05-29
U00477,FAS002,buy,4.0,2022-07-06
U00477,FAS057,watchlist,2.0,2023-01-22
U00477,FAS059,view,1.0,2023-02-10
U00477,FAS009,watchlist,2.0,2023-10-21
U00477,FAS040,buy,4.0,2023-10-23
U00477,FAS017,watchlist,2.0,2023-12-08
U00477,FAS018,watchlist,2.0,2024-02-06
U00477,FAS038,view,1.0,2024-06-27
U00477,FAS021,view,1.0,2024-06-27
U00477,FAS030,buy,4.0,2024-07-17
U00477,FAS039,view,1.0,2024-09-04
U00477,FAS041,view,1.0,2024-09-20
U00478,FAS030,buy,4.0,2022-02-23
U00478,FAS032,buy,4.0,2022-05-30
U00478,FAS039,view,1.0,2023-01-11
U00478,FAS018,view,1.0,2023-01-31
U00478,FAS009,watchlist,2.0,2023-05-16
U00478,FAS051,view,1.0,2023-10-18
U00478,FAS001,view,1.0,2023-11-11
U00478,FAS049,view,1.0,2023-11-20
U00478,FAS058,watchlist,2.0,2023-12-27
U00478,FAS041,view,1.0,2024-04-20
U00478,FAS050,view,1.0,2024-06-06
U00478,FAS011,watchlist,2.0,2024-07-20
U00478,FAS060,buy,4.0,2024-08-30
U00479,FAS023,watchlist,2.0,2022-02-18
U00479,FAS060,watchlist,2.0,2022-05-16
U00479,FAS041,watchlist,2.0,2022-07-10
U00479,FAS016,buy,4.0,2022-12-22
U00479,FAS013,buy,4.0,2023-02-22
U00479,FAS005,watchlist,2.0,2023-05-28
U00479,FAS052,watchlist,2.0,2024-03-02
U00479,FAS057,view,1.0,2024-03-24
U00479,FAS039,watchlist,2.0,2024-04-04
U00480,FAS006,buy,4.0,2022-03-18
U00480,FAS050,watchlist,2.0,2022-09-04
U00480,FAS042,watchlist,2.0,2022-11-03
U00480,FAS040,view,1.0,2023-02-24
U00480,FAS002,watchlist,2.0,2023-03-31
U00480,FAS013,buy,4.0,2023-06-14
U00480,FAS012,view,1.0,2023-09-07
U00480,FAS023,view,1.0,2023-12-27
U00480,FAS014,watchlist,2.0,2024-02-21
U00480,FAS058,watchlist,2.0,2024-03-18
U00480,FAS033,watchlist,2.0,2024-06-24
U00480,FAS003,view,1.0,2024-06-25
U00481,FAS055,buy,4.0,2022-02-27
U00481,FAS040,watchlist,2.0,2022-04-17
U00481,FAS037,view,1.0,2022-08-09
U00481,FAS001,view,1.0,2022-09-05
U00481,FAS057,watchlist,2.0,2022-09-10
U00481,FAS002,watchlist,2.0,2023-03-06
U00481,FAS003,buy,4.0,2023-05-24
U00481,FAS059,watchlist,2.0,2023-07-09
U00481,FAS031,watchlist,2.0,2023-09-06
U00481,FAS015,view,1.0,2023-10-12
U00481,FAS060,view,1.0,2024-05-30
U00482,FAS042,view,1.0,2022-01-18
U00482,FAS058,watchlist,2.0,2022-01-29
U00482,FAS016,buy,4.0,2022-02-13
U00482,FAS037,watchlist,2.0,2022-03-14
U00482,FAS025,watchlist,2.0,2022-05-17
U00482,FAS057,buy,4.0,2022-06-11
U00482,FAS038,view,1.0,2022-06-15
U00482,FAS040,watchlist,2.0,2022-07-19
U00482,FAS006,buy,4.0,2022-10-27
U00482,FAS002,watchlist,2.0,2023-02-26
U00482,FAS011,view,1.0,2023-06-15
U00482,FAS031,watchlist,2.0,2023-11-26
U00482,FAS022,buy,4.0,2024-04-02
U00482,FAS019,view,1.0,2024-05-11
U00482,FAS050,buy,4.0,2024-06-01
U00482,FAS041,view,1.0,2024-09-05
U00483,FAS034,watchlist,2.0,2022-02-17
U00483,FAS033,view,1.0,2022-04-04
U00483,FAS057,watchlist,2.0,2022-05-06
U00483,FAS018,view,1.0,2022-06-14
U00483,FAS047,watchlist,2.0,2022-08-25
U00483,FAS046,view,1.0,2023-02-03
U00483,FAS025,buy,4.0,2023-02-24
U00483,FAS003,watchlist,2.0,2023-07-30
U00483,FAS021,view,1.0,2023-09-02
U00483,FAS029,view,1.0,2023-09-16
U00483,FAS036,view,1.0,2023-10-05
U00483,FAS050,view,1.0,2024-02-24
U00483,FAS054,buy,4.0,2024-05-26
U00484,FAS050,watchlist,2.0,2022-04-17
U00484,FAS004,view,1.0,2022-09-23
U00484,FAS051,watchlist,2.0,2022-10-02
U00484,FAS014,view,1.0,2022-10-19
U00484,FAS052,buy,4.0,2022-11-19
U00484,FAS020,watchlist,2.0,2023-01-27
U00484,FAS026,buy,4.0,2023-03-26
U00484,FAS043,view,1.0,2023-04-03
U00484,FAS031,watchlist,2.0,2023-04-17
U00484,FAS042,view,1.0,2024-05-01
U00484,FAS002,view,1.0,2024-05-03
U00484,FAS008,view,1.0,2024-05-31
U00484,FAS053,watchlist,2.0,2024-06-10
U00484,FAS015,view,1.0,2024-06-24
U00484,FAS047,watchlist,2.0,2024-06-29
U00484,FAS029,view,1.0,2024-07-14
U00485,FAS030,buy,4.0,2022-03-17
U00485,FAS011,watchlist,2.0,2022-09-23
U00485,FAS057,view,1.0,2023-06-05
U00485,FAS041,view,1.0,2023-06-08
U00485,FAS026,buy,4.0,2023-10-06
U00485,FAS046,watchlist,2.0,2023-11-09
U00485,FAS059,view,1.0,2023-11-30
U00485,FAS010,watchlist,2.0,2023-12-15
U00485,FAS021,view,1.0,2024-03-23
U00485,FAS045,view,1.0,2024-04-12
U00485,FAS050,view,1.0,2024-06-03
U00485,FAS029,view,1.0,2024-06-21
U00486,FAS040,view,1.0,2022-10-29
U00486,FAS027,view,1.0,2023-01-08
U00486,FAS057,watchlist,2.0,2023-02-03
U00486,FAS020,buy,4.0,2023-05-21
U00486,FAS038,view,1.0,2023-07-23
U00486,FAS055,watchlist,2.0,2024-04-22
U00486,FAS026,view,1.0,2024-10-27
U00487,FAS015,buy,4.0,2022-01-20
U00487,FAS058,buy,4.0,2022-03-10
U00487,FAS025,view,1.0,2022-04-23
U00487,FAS052,buy,4.0,2022-05-29
U00487,FAS016,buy,4.0,2022-09-06
U00487,FAS014,watchlist,2.0,2022-09-15
U00487,FAS046,view,1.0,2023-03-14
U00487,FAS028,buy,4.0,2023-04-07
U00487,FAS042,view,1.0,2023-08-26
U00487,FAS020,view,1.0,2023-10-17
U00487,FAS051,view,1.0,2023-10-29
U00487,FAS044,buy,4.0,2024-03-14
U00487,FAS041,watchlist,2.0,2024-06-23
U00487,FAS006,watchlist,2.0,2024-07-18
U00488,FAS030,view,1.0,2022-02-21
U00488,FAS060,watchlist,2.0,2022-03-11
U00488,FAS041,watchlist,2.0,2022-05-11
U00488,FAS055,view,1.0,2023-08-12
U00488,FAS037,buy,4.0,2023-12-04
U00488,FAS031,view,1.0,2024-05-19
U00488,FAS053,view,1.0,2024-06-12
U00489,FAS056,watchlist,2.0,2022-01-06
U00489,FAS019,buy,4.0,2022-02-05
U00489,FAS028,view,1.0,2022-03-16
U00489,FAS036,view,1.0,2022-05-06
U00489,FAS004,watchlist,2.0,2022-06-13
U00489,FAS002,watchlist,2.0,2022-08-19
U00489,FAS025,watchlist,2.0,2022-11-14
U00489,FAS055,watchlist,2.0,2023-05-04
U00489,FAS029,view,1.0,2023-06-10
U00489,FAS045,watchlist,2.0,2023-06-28
U00489,FAS001,view,1.0,2023-07-16
U00489,FAS023,buy,4.0,2023-10-25
U00489,FAS006,view,1.0,2024-04-12
U00489,FAS048,view,1.0,2024-05-25
U00489,FAS014,view,1.0,2024-09-14
U00489,FAS051,watchlist,2.0,2024-09-28
U00490,FAS021,buy,4.0,2022-03-14
U00490,FAS057,watchlist,2.0,2022-04-13
U00490,FAS049,watchlist,2.0,2022-07-11
U00490,FAS022,watchlist,2.0,2023-03-24
U00490,FAS008,view,1.0,2023-04-02
U00490,FAS024,watchlist,2.0,2023-06-09
U00490,FAS031,watchlist,2.0,2023-06-21
U00490,FAS001,watchlist,2.0,2023-08-06
U00490,FAS013,watchlist,2.0,2023-09-15
U00490,FAS028,view,1.0,2024-03-20
U00490,FAS045,watchlist,2.0,2024-04-13
U00490,FAS026,view,1.0,2024-04-30
U00490,FAS059,view,1.0,2024-07-01
U00490,FAS033,buy,4.0,2024-09-18
U00490,FAS054,watchlist,2.0,2024-09-28
U00491,FAS030,view,1.0,2022-01-18
U00491,FAS014,watchlist,2.0,2022-03-31
U00491,FAS004,buy,4.0,2022-05-25
U00491,FAS055,watchlist,2.0,2022-08-18
U00491,FAS045,watchlist,2.0,2022-10-08
U00491,FAS027,view,1.0,2023-01-11
U00491,FAS029,buy,4.0,2023-01-14
U00491,FAS046,view,1.0,2023-10-29
U00491,FAS005,view,1.0,2024-03-10
U00492,FAS035,view,1.0,2022-01-11
U00492,FAS019,view,1.0,2022-12-09
U00492,FAS012,watchlist,2.0,2023-01-11
U00492,FAS024,watchlist,2.0,2023-06-19
U00492,FAS014,buy,4.0,2023-08-16
U00492,FAS039,view,1.0,2023-10-22
U00493,FAS026,watchlist,2.0,2022-01-01
U00493,FAS059,watchlist,2.0,2022-01-11
U00493,FAS029,view,1.0,2022-04-29
U00493,FAS013,watchlist,2.0,2022-05-29
U00493,FAS040,watchlist,2.0,2022-08-09
U00493,FAS052,view,1.0,2022-09-21
U00493,FAS022,view,1.0,2022-11-15
U00493,FAS012,buy,4.0,2023-04-22
U00494,FAS034,buy,4.0,2022-08-03
U00494,FAS016,buy,4.0,2022-11-12
U00494,FAS056,view,1.0,2022-12-18
U00494,FAS058,view,1.0,2023-02-20
U00494,FAS055,view,1.0,2023-04-01
U00494,FAS027,view,1.0,2023-05-03
U00494,FAS014,view,1.0,2023-11-01
U00494,FAS047,watchlist,2.0,2023-11-02
U00494,FAS043,watchlist,2.0,2023-12-16
U00494,FAS008,view,1.0,2024-01-21
U00494,FAS041,buy,4.0,2024-04-05
U00494,FAS057,view,1.0,2024-05-06
U00494,FAS049,buy,4.0,2024-06-25
U00494,FAS017,view,1.0,2024-07-10
U00495,FAS033,view,1.0,2022-01-05
U00495,FAS023,watchlist,2.0,2022-01-15
U00495,FAS060,view,1.0,2022-02-20
U00495,FAS028,buy,4.0,2022-07-01
U00495,FAS054,view,1.0,2022-08-18
U00495,FAS008,view,1.0,2022-10-02
U00495,FAS048,view,1.0,2022-10-06
U00495,FAS007,view,1.0,2023-07-07
U00495,FAS010,view,1.0,2023-11-04
U00496,FAS006,view,1.0,2022-03-13
U00496,FAS054,watchlist,2.0,2022-04-08
U00496,FAS051,buy,4.0,2022-09-17
U00496,FAS038,view,1.0,2022-10-25
U00496,FAS044,watchlist,2.0,2023-01-04
U00496,FAS007,watchlist,2.0,2023-02-26
U00496,FAS057,view,1.0,2023-09-02
U00497,FAS039,view,1.0,2023-06-01
U00497,FAS015,view,1.0,2023-07-09
U00497,FAS004,watchlist,2.0,2023-10-24
U00497,FAS001,view,1.0,2023-11-26
U00497,FAS042,view,1.0,2023-11-29
U00497,FAS011,buy,4.0,2024-05-31
U00498,FAS057,watchlist,2.0,2022-01-01
U00498,FAS011,buy,4.0,2022-01-10
U00498,FAS034,buy,4.0,2022-06-03
U00498,FAS017,view,1.0,2022-10-08
U00498,FAS038,buy,4.0,2022-11-02
U00498,FAS012,buy,4.0,2023-02-07
U00498,FAS060,view,1.0,2023-03-06
U00498,FAS014,view,1.0,2023-03-25
U00498,FAS046,view,1.0,2023-06-24
U00498,FAS013,buy,4.0,2024-01-18
U00498,FAS031,view,1.0,2024-02-09
U00498,FAS049,watchlist,2.0,2024-02-09
U00499,FAS044,view,1.0,2022-01-15
U00499,FAS024,watchlist,2.0,2022-04-12
U00499,FAS034,watchlist,2.0,2022-04-27
U00499,FAS036,watchlist,2.0,2022-06-14
U00499,FAS041,buy,4.0,2022-09-20
U00499,FAS011,view,1.0,2022-12-09
U00499,FAS017,buy,4.0,2023-01-08
U00499,FAS040,view,1.0,2023-05-12
U00499,FAS018,buy,4.0,2023-05-17
U00499,FAS014,watchlist,2.0,2023-06-15
U00499,FAS029,view,1.0,2024-02-13
U00500,FAS020,view,1.0,2022-02-01
U00500,FAS043,view,1.0,2022-03-16
U00500,FAS041,buy,4.0,2022-08-23
U00500,FAS037,view,1.0,2022-09-01
U00500,FAS055,watchlist,2.0,2022-10-31
U00500,FAS034,view,1.0,2023-03-05
U00500,FAS002,watchlist,2.0,2023-07-28
U00500,FAS023,buy,4.0,2023-08-05
U00500,FAS010,watchlist,2.0,2023-10-03
U00500,FAS033,buy,4.0,2024-01-06
U00500,FAS006,buy,4.0,2024-02-16
U00500,FAS053,watchlist,2.0,2024-06-05
U00501,FAS046,buy,4.0,2022-01-30
U00501,FAS030,view,1.0,2022-05-31
U00501,FAS040,watchlist,2.0,2022-06-29
U00501,FAS052,buy,4.0,2022-08-26
U00501,FAS022,view,1.0,2023-04-23
U00501,FAS059,view,1.0,2023-06-07
U00501,FAS060,view,1.0,2023-08-21
U00502,FAS042,watchlist,2.0,2022-03-01
U00502,FAS023,buy,4.0,2022-04-16
U00502,FAS003,buy,4.0,2022-04-25
U00502,FAS046,view,1.0,2022-09-27
U00502,FAS052,view,1.0,2022-10-01
U00502,FAS032,buy,4.0,2022-10-23
U00502,FAS012,view,1.0,2022-12-07
U00502,FAS020,watchlist,2.0,2023-04-01
U00502,FAS037,watchlist,2.0,2023-05-19
U00502,FAS056,view,1.0,2023-07-12
U00502,FAS004,view,1.0,2023-09-11
U00502,FAS019,view,1.0,2023-11-05
U00502,FAS010,watchlist,2.0,2023-12-26
U00502,FAS058,watchlist,2.0,2023-12-30
U00502,FAS018,watchlist,2.0,2024-03-15
U00502,FAS045,view,1.0,2024-05-19
U00503,FAS031,buy,4.0,2022-01-08
U00503,FAS029,watchlist,2.0,2022-05-30
U00503,FAS035,buy,4.0,2022-06-13
U00503,FAS023,view,1.0,2022-06-13
U00503,FAS012,view,1.0,2023-01-26
U00503,FAS059,view,1.0,2023-08-25
U00503,FAS004,watchlist,2.0,2023-09-14
U00503,FAS032,buy,4.0,2024-02-28
U00503,FAS030,watchlist,2.0,2024-04-24
U00503,FAS027,view,1.0,2024-08-15
U00503,FAS024,watchlist,2.0,2024-09-28
U00504,FAS003,view,1.0,2022-01-31
U00504,FAS022,view,1.0,2022-05-01
U00504,FAS031,view,1.0,2022-11-17
U00504,FAS009,watchlist,2.0,2023-04-04
U00504,FAS014,view,1.0,2023-05-05
U00504,FAS038,watchlist,2.0,2023-06-27
U00504,FAS049,view,1.0,2023-08-26
U00504,FAS044,buy,4.0,2023-12-15
U00504,FAS004,watchlist,2.0,2024-01-12
U00504,FAS046,buy,4.0,2024-02-08
U00504,FAS037,view,1.0,2024-06-15
U00504,FAS021,buy,4.0,2024-07-13
U00505,FAS020,view,1.0,2022-03-07
U00505,FAS046,view,1.0,2022-06-28
U00505,FAS050,view,1.0,2022-08-14
U00505,FAS007,buy,4.0,2022-09-13
U00505,FAS018,view,1.0,2022-10-19
U00505,FAS053,buy,4.0,2023-01-16
U00505,FAS030,watchlist,2.0,2023-02-20
U00505,FAS006,watchlist,2.0,2023-03-12
U00505,FAS052,watchlist,2.0,2023-03-15
U00505,FAS039,watchlist,2.0,2023-09-12
U00505,FAS022,view,1.0,2023-12-13
U00505,FAS044,watchlist,2.0,2023-12-23
U00505,FAS009,view,1.0,2024-06-19
U00506,FAS028,view,1.0,2022-01-27
U00506,FAS038,buy,4.0,2022-03-10
U00506,FAS059,view,1.0,2022-11-24
U00506,FAS002,buy,4.0,2022-11-26
U00506,FAS014,watchlist,2.0,2023-01-08
U00506,FAS010,watchlist,2.0,2023-03-01
U00506,FAS006,view,1.0,2023-07-29
U00506,FAS004,watchlist,2.0,2023-08-05
U00506,FAS051,watchlist,2.0,2023-12-08
U00506,FAS015,watchlist,2.0,2024-05-03
U00507,FAS058,watchlist,2.0,2022-02-28
U00507,FAS035,watchlist,2.0,2022-06-24
U00507,FAS038,buy,4.0,2022-08-03
U00507,FAS044,view,1.0,2022-11-10
U00507,FAS015,buy,4.0,2023-01-15
U00507,FAS059,watchlist,2.0,2023-02-18
U00507,FAS050,watchlist,2.0,2023-03-30
U00507,FAS025,view,1.0,2023-09-07
U00507,FAS043,view,1.0,2023-09-30
U00507,FAS026,buy,4.0,2024-03-09
U00507,FAS042,buy,4.0,2024-07-25
U00507,FAS049,view,1.0,2024-07-27
U00508,FAS018,buy,4.0,2022-03-15
U00508,FAS001,buy,4.0,2022-07-23
U00508,FAS022,buy,4.0,2023-02-15
U00508,FAS020,view,1.0,2023-03-16
U00508,FAS013,watchlist,2.0,2023-08-31
U00508,FAS027,watchlist,2.0,2023-11-13
U00508,FAS049,view,1.0,2024-04-24
U00509,FAS030,buy,4.0,2022-01-23
U00509,FAS021,view,1.0,2022-09-09
U00509,FAS044,buy,4.0,2022-12-13
U00509,FAS049,buy,4.0,2022-12-14
U00509,FAS052,view,1.0,2023-07-10
U00509,FAS022,view,1.0,2023-07-26
U00509,FAS060,view,1.0,2023-09-13
U00509,FAS056,watchlist,2.0,2023-10-30
U00509,FAS002,view,1.0,2023-11-07
U00509,FAS039,watchlist,2.0,2024-01-25
U00509,FAS041,view,1.0,2024-01-31
U00509,FAS037,view,1.0,2024-03-05
U00509,FAS007,view,1.0,2024-06-07
U00509,FAS028,view,1.0,2024-06-15
U00509,FAS012,buy,4.0,2024-10-13
U00510,FAS019,buy,4.0,2022-07-04
U00510,FAS012,view,1.0,2022-08-29
U00510,FAS008,view,1.0,2022-11-06
U00510,FAS021,view,1.0,2022-11-16
U00510,FAS011,view,1.0,2023-05-28
U00510,FAS048,watchlist,2.0,2024-06-15
U00511,FAS030,view,1.0,2022-03-06
U00511,FAS037,view,1.0,2022-04-15
U00511,FAS009,watchlist,2.0,2022-05-13
U00511,FAS024,view,1.0,2022-11-23
U00511,FAS025,view,1.0,2023-03-06
U00511,FAS042,buy,4.0,2023-03-19
U00511,FAS008,buy,4.0,2023-06-12
U00511,FAS015,watchlist,2.0,2023-08-13
U00511,FAS032,watchlist,2.0,2024-10-24
U00511,FAS043,buy,4.0,2024-10-30
U00512,FAS048,view,1.0,2022-02-14
U00512,FAS002,view,1.0,2022-04-01
U00512,FAS050,buy,4.0,2022-06-05
U00512,FAS058,watchlist,2.0,2022-10-15
U00512,FAS054,view,1.0,2023-07-02
U00512,FAS010,watchlist,2.0,2024-02-26
U00512,FAS031,view,1.0,2024-07-06
U00513,FAS040,view,1.0,2022-02-12
U00513,FAS035,buy,4.0,2022-07-24
U00513,FAS054,watchlist,2.0,2023-03-15
U00513,FAS059,view,1.0,2023-04-08
U00513,FAS058,view,1.0,2023-09-23
U00513,FAS032,view,1.0,2023-12-05
U00513,FAS033,buy,4.0,2024-01-23
U00513,FAS041,view,1.0,2024-01-23
U00513,FAS057,watchlist,2.0,2024-06-04
U00513,FAS009,view,1.0,2024-06-30
U00514,FAS035,watchlist,2.0,2022-01-07
U00514,FAS039,view,1.0,2022-03-04
U00514,FAS048,watchlist,2.0,2022-06-24
U00514,FAS034,buy,4.0,2022-06-26
U00514,FAS056,watchlist,2.0,2022-07-21
U00514,FAS030,view,1.0,2022-10-05
U00514,FAS049,watchlist,2.0,2022-11-10
U00514,FAS005,buy,4.0,2022-11-15
U00514,FAS036,buy,4.0,2023-03-29
U00514,FAS041,view,1.0,2023-07-22
U00514,FAS012,watchlist,2.0,2023-10-31
U00514,FAS060,buy,4.0,2024-04-29
U00515,FAS037,buy,4.0,2022-02-17
U00515,FAS013,view,1.0,2022-02-20
U00515,FAS008,view,1.0,2022-03-25
U00515,FAS059,watchlist,2.0,2022-06-14
U00515,FAS040,buy,4.0,2022-09-08
U00515,FAS048,buy,4.0,2023-04-10
U00515,FAS056,view,1.0,2023-05-22
U00515,FAS043,watchlist,2.0,2023-06-26
U00515,FAS003,watchlist,2.0,2023-07-28
U00515,FAS058,view,1.0,2024-05-04
U00515,FAS010,view,1.0,2024-06-10
U00515,FAS039,watchlist,2.0,2024-06-29
U00516,FAS014,buy,4.0,2022-01-30
U00516,FAS037,buy,4.0,2022-03-20
U00516,FAS021,view,1.0,2022-03-21
U00516,FAS049,view,1.0,2022-07-27
U00516,FAS002,buy,4.0,2022-11-05
U00516,FAS006,view,1.0,2023-01-17
U00516,FAS044,watchlist,2.0,2023-09-11
U00516,FAS015,buy,4.0,2023-10-09
U00516,FAS001,watchlist,2.0,2023-11-12
U00516,FAS025,view,1.0,2024-02-13
U00516,FAS033,view,1.0,2024-04-22
U00516,FAS027,view,1.0,2024-05-16
U00516,FAS050,buy,4.0,2024-07-12
U00516,FAS036,watchlist,2.0,2024-08-08
U00516,FAS059,watchlist,2.0,2024-10-18
U00516,FAS058,watchlist,2.0,2024-10-21
U00517,FAS015,view,1.0,2022-02-15
U00517,FAS003,view,1.0,2022-06-01
U00517,FAS026,buy,4.0,2022-06-04
U00517,FAS053,view,1.0,2022-07-09
U00517,FAS039,watchlist,2.0,2022-08-29
U00517,FAS049,view,1.0,2022-11-22
U00517,FAS040,view,1.0,2022-12-26
U00517,FAS058,view,1.0,2023-10-20
U00517,FAS044,view,1.0,2023-10-20
U00517,FAS043,buy,4.0,2024-01-10
U00517,FAS007,watchlist,2.0,2024-06-05
U00517,FAS059,view,1.0,2024-06-18
U00517,FAS060,buy,4.0,2024-06-21
U00517,FAS055,watchlist,2.0,2024-07-31
U00517,FAS042,watchlist,2.0,2024-09-03
U00518,FAS028,watchlist,2.0,2022-09-12
U00518,FAS015,watchlist,2.0,2023-01-17
U00518,FAS049,watchlist,2.0,2023-04-04
U00518,FAS001,view,1.0,2023-05-11
U00518,FAS003,watchlist,2.0,2023-08-10
U00518,FAS029,buy,4.0,2023-09-09
U00518,FAS054,buy,4.0,2023-09-26
U00518,FAS051,watchlist,2.0,2023-11-24
U00518,FAS013,view,1.0,2023-12-16
U00518,FAS012,buy,4.0,2024-01-15
U00518,FAS034,view,1.0,2024-02-23
U00518,FAS018,buy,4.0,2024-08-19
U00519,FAS049,watchlist,2.0,2022-03-02
U00519,FAS050,view,1.0,2022-06-10
U00519,FAS028,view,1.0,2023-01-09
U00519,FAS012,watchlist,2.0,2023-03-24
U00519,FAS059,view,1.0,2023-04-15
U00519,FAS032,view,1.0,2024-02-06
U00520,FAS047,view,1.0,2022-01-09
U00520,FAS013,watchlist,2.0,2022-04-25
U00520,FAS049,watchlist,2.0,2022-10-26
U00520,FAS038,watchlist,2.0,2022-11-26
U00520,FAS017,view,1.0,2022-12-22
U00520,FAS059,view,1.0,2023-02-14
U00520,FAS016,buy,4.0,2023-02-17
U00520,FAS015,buy,4.0,2023-08-15
U00520,FAS040,view,1.0,2024-02-29
U00520,FAS012,view,1.0,2024-05-27
U00521,FAS007,watchlist,2.0,2022-03-14
U00521,FAS002,buy,4.0,2022-09-13
U00521,FAS054,view,1.0,2022-11-20
U00521,FAS022,watchlist,2.0,2023-05-25
U00521,FAS045,watchlist,2.0,2023-07-04
U00521,FAS004,view,1.0,2024-04-08
U00522,FAS057,watchlist,2.0,2022-05-14
U00522,FAS048,view,1.0,2022-07-06
U00522,FAS004,buy,4.0,2022-09-23
U00522,FAS053,watchlist,2.0,2022-11-07
U00522,FAS035,buy,4.0,2022-11-12
U00522,FAS044,view,1.0,2023-01-21
U00522,FAS030,buy,4.0,2023-05-13
U00522,FAS025,buy,4.0,2024-01-06
U00522,FAS055,buy,4.0,2024-02-08
U00522,FAS031,view,1.0,2024-03-29
U00522,FAS049,watchlist,2.0,2024-04-25
U00523,FAS055,watchlist,2.0,2022-01-12
U00523,FAS039,view,1.0,2022-01-29
U00523,FAS059,view,1.0,2022-02-05
U00523,FAS040,watchlist,2.0,2022-07-10
U00523,FAS007,view,1.0,2022-12-24
U00523,FAS024,watchlist,2.0,2023-04-20
U00523,FAS010,view,1.0,2023-06-22
U00523,FAS015,view,1.0,2023-08-23
U00523,FAS012,buy,4.0,2023-11-11
U00523,FAS013,buy,4.0,2024-01-02
U00523,FAS047,view,1.0,2024-03-07
U00523,FAS058,buy,4.0,2024-03-29
U00524,FAS048,buy,4.0,2022-07-26
U00524,FAS046,watchlist,2.0,2022-10-30
U00524,FAS037,watchlist,2.0,2022-11-19
U00524,FAS035,view,1.0,2022-12-21
U00524,FAS012,view,1.0,2022-12-25
U00524,FAS052,view,1.0,2023-05-09
U00524,FAS029,watchlist,2.0,2023-11-04
U00524,FAS041,buy,4.0,2023-11-05
U00524,FAS050,view,1.0,2024-02-11
U00524,FAS024,watchlist,2.0,2024-04-03
U00524,FAS060,watchlist,2.0,2024-04-12
U00525,FAS002,view,1.0,2022-01-11
U00525,FAS042,view,1.0,2022-03-05
U00525,FAS037,view,1.0,2022-10-10
U00525,FAS005,watchlist,2.0,2023-01-20
U00525,FAS043,view,1.0,2023-06-23
U00525,FAS031,view,1.0,2023-07-06
U00525,FAS008,view,1.0,2023-12-03
U00525,FAS051,watchlist,2.0,2024-01-17
U00526,FAS031,view,1.0,2022-02-18
U00526,FAS035,view,1.0,2022-06-19
U00526,FAS055,watchlist,2.0,2022-09-27
U00526,FAS030,view,1.0,2022-10-20
U00526,FAS011,view,1.0,2023-01-30
U00526,FAS054,watchlist,2.0,2023-10-30
U00526,FAS052,watchlist,2.0,2023-12-28
U00526,FAS047,view,1.0,2024-05-26
U00526,FAS019,view,1.0,2024-07-03
U00526,FAS020,view,1.0,2024-08-15
U00526,FAS005,view,1.0,2024-08-21
U00526,FAS041,buy,4.0,2024-11-08
U00527,FAS058,watchlist,2.0,2022-11-01
U00527,FAS007,view,1.0,2022-11-24
U00527,FAS041,view,1.0,2022-12-13
U00527,FAS052,watchlist,2.0,2023-03-19
U00527,FAS046,view,1.0,2023-05-19
U00527,FAS030,buy,4.0,2023-08-05
U00527,FAS044,watchlist,2.0,2023-10-25
U00527,FAS012,watchlist,2.0,2023-11-02
U00527,FAS009,watchlist,2.0,2024-01-31
U00527,FAS043,watchlist,2.0,2024-04-06
U00527,FAS010,view,1.0,2024-05-03
U00527,FAS006,watchlist,2.0,2024-05-30
U00527,FAS004,watchlist,2.0,2024-06-09
U00527,FAS033,watchlist,2.0,2024-07-14
U00528,FAS030,view,1.0,2022-02-27
U00528,FAS028,buy,4.0,2022-02-27
U00528,FAS055,watchlist,2.0,2022-05-01
U00528,FAS018,watchlist,2.0,2022-07-07
U00528,FAS004,buy,4.0,2023-03-22
U00528,FAS043,watchlist,2.0,2023-10-20
U00528,FAS047,watchlist,2.0,2024-01-16
U00528,FAS014,watchlist,2.0,2024-03-08
U00529,FAS053,view,1.0,2022-05-03
U00529,FAS019,buy,4.0,2022-05-15
U00529,FAS051,buy,4.0,2023-10-15
U00529,FAS025,watchlist,2.0,2023-11-24
U00529,FAS038,view,1.0,2023-12-02
U00529,FAS028,view,1.0,2023-12-07
U00530,FAS007,watchlist,2.0,2022-01-23
U00530,FAS039,view,1.0,2022-04-13
U00530,FAS012,watchlist,2.0,2022-08-26
U00530,FAS033,view,1.0,2022-12-06
U00530,FAS003,watchlist,2.0,2022-12-12
U00530,FAS060,view,1.0,2023-07-06
U00530,FAS052,watchlist,2.0,2023-09-11
U00530,FAS029,buy,4.0,2024-02-10
U00530,FAS020,view,1.0,2024-04-10
U00530,FAS027,watchlist,2.0,2024-06-05
U00530,FAS056,buy,4.0,2024-07-05
U00530,FAS004,buy,4.0,2024-07-12
U00530,FAS010,buy,4.0,2024-07-28
U00531,FAS043,view,1.0,2023-01-05
U00531,FAS035,buy,4.0,2023-03-08
U00531,FAS012,watchlist,2.0,2024-02-09
U00531,FAS054,buy,4.0,2024-02-13
U00531,FAS013,view,1.0,2024-04-02
U00531,FAS003,buy,4.0,2024-04-08
U00531,FAS047,view,1.0,2024-06-12
U00532,FAS023,view,1.0,2022-04-17
U00532,FAS051,watchlist,2.0,2022-04-21
U00532,FAS007,view,1.0,2022-05-07
U00532,FAS029,view,1.0,2022-06-04
U00532,FAS010,view,1.0,2022-07-20
U00532,FAS002,buy,4.0,2022-09-14
U00532,FAS024,buy,4.0,2022-09-27
U00532,FAS015,buy,4.0,2023-01-08
U00532,FAS047,view,1.0,2023-11-22
U00532,FAS041,buy,4.0,2023-12-15
U00532,FAS028,watchlist,2.0,2024-01-11
U00532,FAS043,watchlist,2.0,2024-05-09
U00532,FAS046,buy,4.0,2024-05-20
U00532,FAS016,watchlist,2.0,2024-08-05
U00532,FAS019,watchlist,2.0,2024-10-13
U00532,FAS033,watchlist,2.0,2024-11-05
U00533,FAS050,view,1.0,2022-04-16
U00533,FAS053,buy,4.0,2022-05-21
U00533,FAS010,view,1.0,2022-09-14
U00533,FAS043,buy,4.0,2023-03-14
U00533,FAS004,watchlist,2.0,2023-05-18
U00533,FAS058,watchlist,2.0,2023-05-31
U00533,FAS055,watchlist,2.0,2023-07-22
U00534,FAS045,buy,4.0,2022-01-19
U00534,FAS051,buy,4.0,2022-08-13
U00534,FAS012,buy,4.0,2023-05-01
U00534,FAS024,buy,4.0,2023-05-15
U00534,FAS019,watchlist,2.0,2023-06-10
U00534,FAS008,buy,4.0,2023-08-08
U00534,FAS018,view,1.0,2024-01-02
U00534,FAS056,view,1.0,2024-04-23
U00534,FAS003,buy,4.0,2024-06-27
U00535,FAS004,view,1.0,2022-07-10
U00535,FAS002,watchlist,2.0,2022-10-09
U00535,FAS031,buy,4.0,2023-01-13
U00535,FAS058,watchlist,2.0,2023-04-04
U00535,FAS023,view,1.0,2023-05-25
U00535,FAS042,view,1.0,2023-07-29
U00535,FAS020,view,1.0,2023-11-10
U00535,FAS030,watchlist,2.0,2024-04-20
U00535,FAS013,watchlist,2.0,2024-06-17
U00536,FAS057,view,1.0,2022-04-02
U00536,FAS049,view,1.0,2022-07-14
U00536,FAS002,buy,4.0,2022-09-26
U00536,FAS051,view,1.0,2022-10-09
U00536,FAS041,watchlist,2.0,2022-12-11
U00536,FAS047,watchlist,2.0,2023-03-19
U00536,FAS011,watchlist,2.0,2023-04-16
U00536,FAS024,watchlist,2.0,2023-05-17
U00536,FAS033,buy,4.0,2023-07-05
U00536,FAS021,watchlist,2.0,2023-07-09
U00536,FAS054,view,1.0,2023-09-02
U00537,FAS052,watchlist,2.0,2022-01-14
U00537,FAS003,watchlist,2.0,2022-01-14
U00537,FAS054,buy,4.0,2022-03-22
U00537,FAS057,watchlist,2.0,2022-03-28
U00537,FAS007,watchlist,2.0,2022-04-09
U00537,FAS045,watchlist,2.0,2022-04-19
U00537,FAS012,watchlist,2.0,2022-06-21
U00537,FAS041,watchlist,2.0,2022-07-23
U00537,FAS004,watchlist,2.0,2022-11-07
U00537,FAS037,watchlist,2.0,2023-03-23
U00537,FAS055,watchlist,2.0,2023-07-31
U00537,FAS031,watchlist,2.0,2023-09-16
U00538,FAS050,watchlist,2.0,2022-03-23
U00538,FAS043,watchlist,2.0,2022-03-23
U00538,FAS048,watchlist,2.0,2022-05-02
U00538,FAS036,watchlist,2.0,2022-05-23
U00538,FAS024,view,1.0,2022-06-28
U00538,FAS055,buy,4.0,2022-07-14
U00538,FAS060,watchlist,2.0,2022-09-04
U00538,FAS013,view,1.0,2022-10-24
U00538,FAS008,watchlist,2.0,2023-06-03
U00538,FAS049,watchlist,2.0,2023-06-24
U00538,FAS032,buy,4.0,2023-08-16
U00538,FAS025,watchlist,2.0,2023-10-24
U00538,FAS053,watchlist,2.0,2024-03-23
U00538,FAS044,buy,4.0,2024-03-28
U00538,FAS012,watchlist,2.0,2024-06-22
U00538,FAS021,view,1.0,2024-07-06
U00539,FAS011,watchlist,2.0,2022-06-16
U00539,FAS055,watchlist,2.0,2022-10-11
U00539,FAS052,view,1.0,2022-10-23
U00539,FAS017,buy,4.0,2022-11-30
U00539,FAS059,buy,4.0,2023-04-16
U00539,FAS018,buy,4.0,2023-11-05
U00540,FAS056,buy,4.0,2022-01-22
U00540,FAS016,buy,4.0,2022-07-03
U00540,FAS029,watchlist,2.0,2022-07-07
U00540,FAS035,view,1.0,2022-09-16
U00540,FAS036,view,1.0,2022-10-14
U00540,FAS042,view,1.0,2022-10-16
U00540,FAS060,view,1.0,2023-01-30
U00540,FAS037,view,1.0,2023-02-11
U00540,FAS031,watchlist,2.0,2023-02-14
U00540,FAS040,watchlist,2.0,2023-10-17
U00540,FAS033,watchlist,2.0,2024-01-09
U00540,FAS045,watchlist,2.0,2024-03-19
U00540,FAS055,view,1.0,2024-03-19
U00540,FAS005,watchlist,2.0,2024-04-29
U00540,FAS051,view,1.0,2024-06-04
U00541,FAS003,view,1.0,2022-04-14
U00541,FAS034,watchlist,2.0,2023-11-12
U00541,FAS023,watchlist,2.0,2023-11-24
U00541,FAS001,watchlist,2.0,2023-11-25
U00541,FAS036,view,1.0,2023-12-22
U00541,FAS010,buy,4.0,2024-03-08
U00541,FAS046,view,1.0,2024-06-14
U00542,FAS012,view,1.0,2022-05-24
U00542,FAS049,view,1.0,2022-10-27
U00542,FAS022,buy,4.0,2023-03-27
U00542,FAS039,view,1.0,2023-04-04
U00542,FAS021,view,1.0,2023-05-10
U00542,FAS024,view,1.0,2023-05-24
U00542,FAS036,view,1.0,2023-05-30
U00542,FAS059,view,1.0,2023-06-03
U00542,FAS027,view,1.0,2024-02-26
U00542,FAS003,buy,4.0,2024-03-27
U00542,FAS009,buy,4.0,2024-05-17
U00543,FAS009,watchlist,2.0,2022-04-09
U00543,FAS058,view,1.0,2022-04-12
U00543,FAS004,watchlist,2.0,2022-09-14
U00543,FAS020,watchlist,2.0,2022-10-06
U00543,FAS032,watchlist,2.0,2022-11-13
U00543,FAS041,watchlist,2.0,2022-11-19
U00543,FAS013,buy,4.0,2022-12-29
U00543,FAS044,buy,4.0,2023-02-10
U00543,FAS050,view,1.0,2023-06-21
U00543,FAS052,watchlist,2.0,2023-07-09
U00543,FAS018,watchlist,2.0,2023-10-27
U00543,FAS056,view,1.0,2023-11-29
U00543,FAS043,watchlist,2.0,2023-12-16
U00543,FAS008,buy,4.0,2023-12-28
U00543,FAS025,view,1.0,2024-01-28
U00543,FAS049,view,1.0,2024-03-30
U00544,FAS002,watchlist,2.0,2022-03-18
U00544,FAS001,buy,4.0,2022-05-25
U00544,FAS050,buy,4.0,2022-07-02
U00544,FAS015,watchlist,2.0,2022-07-07
U00544,FAS043,view,1.0,2022-08-08
U00544,FAS049,watchlist,2.0,2022-08-15
U00544,FAS029,buy,4.0,2022-09-23
U00544,FAS060,buy,4.0,2022-10-08
U00544,FAS026,view,1.0,2023-04-18
U00544,FAS053,watchlist,2.0,2023-06-13
U00544,FAS008,buy,4.0,2023-10-01
U00544,FAS005,buy,4.0,2023-10-15
U00544,FAS003,view,1.0,2024-01-17
U00545,FAS041,view,1.0,2022-03-09
U00545,FAS032,view,1.0,2022-05-31
U00545,FAS012,watchlist,2.0,2022-10-10
U00545,FAS022,view,1.0,2023-01-05
U00545,FAS040,watchlist,2.0,2023-01-19
U00545,FAS009,watchlist,2.0,2023-01-22
U00545,FAS038,view,1.0,2023-03-04
U00545,FAS051,watchlist,2.0,2023-04-12
U00545,FAS050,view,1.0,2023-05-20
U00545,FAS058,watchlist,2.0,2023-06-02
U00545,FAS001,watchlist,2.0,2023-08-31
U00545,FAS037,view,1.0,2023-11-21
U00545,FAS018,watchlist,2.0,2024-03-10
U00545,FAS013,watchlist,2.0,2024-07-09
U00545,FAS039,watchlist,2.0,2024-08-31
U00546,FAS052,view,1.0,2022-04-07
U00546,FAS019,view,1.0,2022-06-24
U00546,FAS026,view,1.0,2022-07-14
U00546,FAS005,view,1.0,2022-12-06
U00546,FAS058,view,1.0,2023-04-09
U00546,FAS030,view,1.0,2023-04-15
U00546,FAS018,view,1.0,2023-06-09
U00546,FAS025,buy,4.0,2023-08-23
U00546,FAS037,view,1.0,2023-09-25
U00546,FAS048,watchlist,2.0,2023-09-25
U00546,FAS035,buy,4.0,2023-11-30
U00546,FAS016,view,1.0,2024-01-17
U00546,FAS032,view,1.0,2024-04-20
U00547,FAS049,view,1.0,2022-02-26
U00547,FAS037,buy,4.0,2022-05-08
U00547,FAS010,view,1.0,2022-05-29
U00547,FAS043,watchlist,2.0,2023-02-03
U00547,FAS001,view,1.0,2023-09-28
U00547,FAS053,view,1.0,2023-11-26
U00547,FAS034,watchlist,2.0,2023-12-23
U00547,FAS022,watchlist,2.0,2024-01-21
U00547,FAS047,buy,4.0,2024-03-20
U00547,FAS002,watchlist,2.0,2024-04-23
U00548,FAS048,view,1.0,2022-05-19
U00548,FAS026,view,1.0,2022-08-26
U00548,FAS014,view,1.0,2023-04-04
U00548,FAS030,view,1.0,2023-07-15
U00548,FAS056,view,1.0,2023-07-22
U00548,FAS054,view,1.0,2023-10-17
U00548,FAS018,buy,4.0,2023-11-23
U00548,FAS027,watchlist,2.0,2024-02-28
U00548,FAS005,watchlist,2.0,2024-04-05
U00548,FAS021,buy,4.0,2024-04-18
U00549,FAS035,watchlist,2.0,2022-04-05
U00549,FAS012,watchlist,2.0,2022-04-06
U00549,FAS020,view,1.0,2022-10-04
U00549,FAS006,view,1.0,2022-12-16
U00549,FAS043,buy,4.0,2023-05-18
U00549,FAS041,view,1.0,2023-06-29
U00549,FAS048,watchlist,2.0,2023-08-07
U00550,FAS014,view,1.0,2022-04-15
U00550,FAS045,view,1.0,2022-06-11
U00550,FAS008,watchlist,2.0,2022-06-29
U00550,FAS035,buy,4.0,2022-12-12
U00550,FAS057,view,1.0,2023-02-12
U00550,FAS047,watchlist,2.0,2023-05-26
U00550,FAS020,buy,4.0,2023-08-28
U00550,FAS009,buy,4.0,2023-08-30
U00550,FAS032,buy,4.0,2023-09-22
U00550,FAS031,buy,4.0,2023-10-07
U00550,FAS007,watchlist,2.0,2023-11-09
U00550,FAS002,view,1.0,2024-02-18
U00551,FAS034,watchlist,2.0,2022-01-08
U00551,FAS001,watchlist,2.0,2022-03-29
U00551,FAS059,view,1.0,2022-10-12
U00551,FAS041,watchlist,2.0,2023-03-27
U00551,FAS045,watchlist,2.0,2023-06-18
U00551,FAS003,watchlist,2.0,2023-08-22
U00551,FAS040,buy,4.0,2023-12-28
U00551,FAS050,watchlist,2.0,2024-02-08
U00552,FAS015,watchlist,2.0,2022-02-26
U00552,FAS049,watchlist,2.0,2022-07-13
U00552,FAS004,buy,4.0,2022-08-21
U00552,FAS038,buy,4.0,2022-09-10
U00552,FAS046,view,1.0,2023-01-20
U00552,FAS020,view,1.0,2023-02-27
U00552,FAS052,watchlist,2.0,2023-04-23
U00552,FAS036,view,1.0,2023-08-28
U00552,FAS010,watchlist,2.0,2023-11-17
U00552,FAS008,watchlist,2.0,2024-07-29
U00552,FAS043,watchlist,2.0,2024-08-28
U00553,FAS025,watchlist,2.0,2022-02-21
U00553,FAS001,view,1.0,2022-03-16
U00553,FAS050,view,1.0,2022-07-22
U00553,FAS013,view,1.0,2022-08-25
U00553,FAS036,view,1.0,2022-08-25
U00553,FAS057,view,1.0,2022-09-18
U00553,FAS022,watchlist,2.0,2022-12-25
U00553,FAS051,view,1.0,2023-01-03
U00553,FAS054,view,1.0,2023-01-06
U00553,FAS044,watchlist,2.0,2023-11-16
U00553,FAS014,buy,4.0,2024-01-11
U00553,FAS032,buy,4.0,2024-01-12
U00553,FAS010,view,1.0,2024-02-28
U00553,FAS028,watchlist,2.0,2024-05-03
U00554,FAS043,watchlist,2.0,2022-03-18
U00554,FAS049,buy,4.0,2022-09-10
U00554,FAS060,view,1.0,2022-09-15
U00554,FAS008,watchlist,2.0,2022-11-09
U00554,FAS031,view,1.0,2022-11-11
U00554,FAS054,watchlist,2.0,2023-01-16
U00554,FAS051,watchlist,2.0,2023-01-24
U00554,FAS059,watchlist,2.0,2023-04-20
U00554,FAS013,view,1.0,2023-06-02
U00554,FAS042,watchlist,2.0,2023-10-27
U00554,FAS040,view,1.0,2024-01-22
U00554,FAS050,view,1.0,2024-03-13
U00554,FAS019,buy,4.0,2024-07-16
U00554,FAS053,view,1.0,2024-07-19
U00554,FAS034,view,1.0,2024-09-27
U00554,FAS030,view,1.0,2024-11-16
U00555,FAS023,view,1.0,2022-07-19
U00555,FAS010,view,1.0,2022-08-11
U00555,FAS038,view,1.0,2023-03-17
U00555,FAS049,watchlist,2.0,2023-03-22
U00555,FAS056,buy,4.0,2023-05-24
U00555,FAS017,buy,4.0,2023-06-03
U00555,FAS060,view,1.0,2023-06-13
U00555,FAS033,view,1.0,2023-09-04
U00555,FAS041,view,1.0,2023-11-30
U00555,FAS030,view,1.0,2024-01-04
U00555,FAS034,watchlist,2.0,2024-04-13
U00556,FAS031,buy,4.0,2022-05-02
U00556,FAS013,view,1.0,2022-05-14
U00556,FAS049,watchlist,2.0,2022-06-23
U00556,FAS039,watchlist,2.0,2022-07-11
U00556,FAS040,watchlist,2.0,2022-09-03
U00556,FAS060,view,1.0,2022-11-12
U00556,FAS003,buy,4.0,2022-12-16
U00556,FAS021,view,1.0,2023-02-08
U00556,FAS056,watchlist,2.0,2023-05-02
U00556,FAS008,view,1.0,2023-09-04
U00556,FAS054,view,1.0,2023-10-10
U00556,FAS044,view,1.0,2023-12-05
U00556,FAS037,watchlist,2.0,2024-01-16
U00556,FAS051,view,1.0,2024-01-27
U00557,FAS007,watchlist,2.0,2022-02-08
U00557,FAS044,view,1.0,2022-11-12
U00557,FAS059,view,1.0,2023-04-28
U00557,FAS008,view,1.0,2023-05-11
U00557,FAS012,view,1.0,2024-02-28
U00557,FAS053,view,1.0,2024-05-02
U00557,FAS034,watchlist,2.0,2024-06-11
U00557,FAS001,watchlist,2.0,2024-06-13
U00557,FAS035,view,1.0,2024-07-22
U00557,FAS015,watchlist,2.0,2024-08-14
U00558,FAS025,view,1.0,2022-05-03
U00558,FAS031,view,1.0,2022-12-03
U00558,FAS047,buy,4.0,2023-01-03
U00558,FAS051,view,1.0,2023-01-27
U00558,FAS057,view,1.0,2023-12-28
U00558,FAS020,watchlist,2.0,2024-01-12
U00558,FAS055,watchlist,2.0,2024-02-12
U00559,FAS059,buy,4.0,2022-03-03
U00559,FAS033,watchlist,2.0,2022-03-29
U00559,FAS037,view,1.0,2022-06-17
U00559,FAS016,view,1.0,2022-07-03
U00559,FAS050,view,1.0,2022-11-24
U00559,FAS018,buy,4.0,2022-12-05
U00559,FAS051,watchlist,2.0,2023-04-16
U00559,FAS015,view,1.0,2023-04-22
U00559,FAS025,buy,4.0,2023-09-22
U00559,FAS034,watchlist,2.0,2023-10-06
U00559,FAS006,view,1.0,2023-12-05
U00559,FAS031,buy,4.0,2024-01-28
U00559,FAS010,buy,4.0,2024-05-05
U00559,FAS007,watchlist,2.0,2024-05-11
U00559,FAS014,buy,4.0,2024-06-19
U00560,FAS009,watchlist,2.0,2022-01-03
U00560,FAS024,buy,4.0,2022-03-19
U00560,FAS026,buy,4.0,2022-04-26
U00560,FAS047,view,1.0,2022-11-07
U00560,FAS039,watchlist,2.0,2022-12-09
U00560,FAS018,buy,4.0,2022-12-13
U00560,FAS023,watchlist,2.0,2023-03-09
U00560,FAS043,watchlist,2.0,2023-04-25
U00560,FAS056,buy,4.0,2023-04-26
U00560,FAS052,view,1.0,2023-05-15
U00560,FAS014,view,1.0,2024-01-10
U00560,FAS055,view,1.0,2024-01-27
U00560,FAS054,watchlist,2.0,2024-03-17
U00561,FAS017,view,1.0,2022-10-04
U00561,FAS009,watchlist,2.0,2022-10-27
U00561,FAS046,buy,4.0,2022-12-25
U00561,FAS054,buy,4.0,2023-02-21
U00561,FAS041,view,1.0,2023-05-09
U00561,FAS012,view,1.0,2023-06-26
U00561,FAS037,buy,4.0,2023-08-29
U00561,FAS060,watchlist,2.0,2023-09-07
U00561,FAS032,buy,4.0,2023-10-04
U00561,FAS011,watchlist,2.0,2023-10-04
U00562,FAS035,watchlist,2.0,2022-01-18
U00562,FAS008,watchlist,2.0,2022-06-07
U00562,FAS020,watchlist,2.0,2022-06-12
U00562,FAS059,buy,4.0,2022-09-11
U00562,FAS013,buy,4.0,2023-08-21
U00562,FAS040,watchlist,2.0,2023-09-14
U00562,FAS050,view,1.0,2024-06-28
U00562,FAS043,buy,4.0,2024-07-10
U00563,FAS021,view,1.0,2022-10-17
U00563,FAS018,view,1.0,2022-12-07
U00563,FAS057,view,1.0,2023-05-18
U00563,FAS005,watchlist,2.0,2023-06-19
U00563,FAS044,buy,4.0,2023-08-09
U00563,FAS023,watchlist,2.0,2024-04-18
U00563,FAS040,watchlist,2.0,2024-06-30
U00564,FAS043,watchlist,2.0,2022-01-07
U00564,FAS049,view,1.0,2022-02-13
U00564,FAS040,watchlist,2.0,2022-02-25
U00564,FAS013,buy,4.0,2022-03-27
U00564,FAS029,watchlist,2.0,2022-11-17
U00564,FAS026,watchlist,2.0,2022-11-20
U00564,FAS024,watchlist,2.0,2023-03-26
U00564,FAS008,watchlist,2.0,2023-04-30
U00564,FAS038,buy,4.0,2023-12-10
U00564,FAS003,watchlist,2.0,2023-12-12
U00564,FAS035,watchlist,2.0,2024-01-10
U00564,FAS060,view,1.0,2024-02-13
U00565,FAS016,watchlist,2.0,2022-03-30
U00565,FAS017,buy,4.0,2022-04-22
U00565,FAS029,buy,4.0,2022-07-24
U00565,FAS056,watchlist,2.0,2022-09-10
U00565,FAS001,buy,4.0,2022-09-26
U00565,FAS046,watchlist,2.0,2023-04-28
U00565,FAS045,buy,4.0,2023-05-05
U00565,FAS052,view,1.0,2023-05-21
U00565,FAS041,watchlist,2.0,2023-06-24
U00565,FAS049,buy,4.0,2023-08-18
U00565,FAS033,view,1.0,2024-04-16
U00566,FAS049,watchlist,2.0,2022-08-20
U00566,FAS035,watchlist,2.0,2022-11-15
U00566,FAS054,watchlist,2.0,2023-04-14
U00566,FAS021,view,1.0,2023-08-08
U00566,FAS041,view,1.0,2023-08-22
U00566,FAS015,view,1.0,2023-11-11
U00566,FAS048,buy,4.0,2023-12-04
U00567,FAS009,buy,4.0,2023-01-31
U00567,FAS051,watchlist,2.0,2023-05-20
U00567,FAS046,view,1.0,2023-05-27
U00567,FAS037,watchlist,2.0,2023-06-26
U00567,FAS039,buy,4.0,2023-08-01
U00567,FAS040,view,1.0,2024-03-08
U00568,FAS013,watchlist,2.0,2022-01-05
U00568,FAS008,view,1.0,2022-02-01
U00568,FAS045,buy,4.0,2022-05-27
U00568,FAS036,watchlist,2.0,2022-07-26
U00568,FAS052,view,1.0,2022-11-23
U00568,FAS060,view,1.0,2023-02-09
U00568,FAS004,view,1.0,2023-03-03
U00568,FAS048,view,1.0,2024-03-14
U00568,FAS025,watchlist,2.0,2024-05-03
U00569,FAS034,buy,4.0,2022-03-23
U00569,FAS049,view,1.0,2022-09-30
U00569,FAS022,view,1.0,2022-10-15
U00569,FAS037,buy,4.0,2022-10-28
U00569,FAS040,view,1.0,2022-11-19
U00569,FAS021,watchlist,2.0,2023-03-01
U00569,FAS050,view,1.0,2023-06-29
U00569,FAS060,view,1.0,2023-09-26
U00570,FAS019,view,1.0,2022-01-03
U00570,FAS054,view,1.0,2022-05-25
U00570,FAS005,watchlist,2.0,2022-11-02
U00570,FAS041,view,1.0,2023-04-29
U00570,FAS047,buy,4.0,2023-05-16
U00570,FAS020,watchlist,2.0,2023-09-30
U00570,FAS009,view,1.0,2023-11-17
U00570,FAS021,buy,4.0,2023-12-27
U00570,FAS040,view,1.0,2024-01-02
U00571,FAS010,view,1.0,2022-07-01
U00571,FAS022,watchlist,2.0,2022-08-23
U00571,FAS020,buy,4.0,2022-09-12
U00571,FAS013,watchlist,2.0,2022-10-06
U00571,FAS006,view,1.0,2022-10-18
U00571,FAS014,watchlist,2.0,2022-11-30
U00571,FAS011,view,1.0,2023-04-17
U00571,FAS027,buy,4.0,2023-06-25
U00571,FAS038,watchlist,2.0,2023-07-29
U00571,FAS042,view,1.0,2023-09-12
U00571,FAS002,buy,4.0,2023-12-03
U00571,FAS037,view,1.0,2023-12-13
U00571,FAS025,buy,4.0,2024-01-13
U00571,FAS057,watchlist,2.0,2024-03-25
U00571,FAS031,buy,4.0,2024-04-24
U00572,FAS039,view,1.0,2022-02-01
U00572,FAS049,buy,4.0,2022-03-16
U00572,FAS041,buy,4.0,2022-05-07
U00572,FAS043,view,1.0,2022-10-03
U00572,FAS023,buy,4.0,2022-10-19
U00572,FAS034,buy,4.0,2023-02-18
U00572,FAS053,view,1.0,2024-01-21
U00572,FAS045,buy,4.0,2024-01-29
U00572,FAS003,buy,4.0,2024-02-18
U00572,FAS021,view,1.0,2024-03-11
U00572,FAS040,view,1.0,2024-05-27
U00572,FAS025,watchlist,2.0,2024-05-29
U00572,FAS051,buy,4.0,2024-07-15
U00572,FAS020,view,1.0,2024-07-25
U00572,FAS057,view,1.0,2024-07-28
U00572,FAS022,buy,4.0,2024-09-08
U00573,FAS034,view,1.0,2022-01-20
U00573,FAS037,watchlist,2.0,2022-01-23
U00573,FAS014,buy,4.0,2022-03-10
U00573,FAS032,view,1.0,2022-05-07
U00573,FAS021,watchlist,2.0,2022-08-22
U00573,FAS057,buy,4.0,2022-09-08
U00573,FAS035,buy,4.0,2022-12-05
U00573,FAS005,view,1.0,2023-01-07
U00573,FAS044,watchlist,2.0,2023-05-02
U00573,FAS016,watchlist,2.0,2023-06-07
U00573,FAS041,watchlist,2.0,2023-07-01
U00573,FAS011,watchlist,2.0,2023-09-02
U00573,FAS052,buy,4.0,2023-11-13
U00573,FAS022,buy,4.0,2024-05-01
U00574,FAS010,view,1.0,2022-02-03
U00574,FAS016,buy,4.0,2022-02-14
U00574,FAS001,view,1.0,2022-09-22
U00574,FAS045,buy,4.0,2022-10-15
U00574,FAS024,watchlist,2.0,2023-01-28
U00574,FAS039,view,1.0,2023-09-03
U00574,FAS049,buy,4.0,2024-03-08
U00574,FAS052,view,1.0,2024-03-16
U00574,FAS044,view,1.0,2024-05-16
U00574,FAS050,watchlist,2.0,2024-06-24
U00574,FAS054,view,1.0,2024-07-04
U00574,FAS026,watchlist,2.0,2024-08-07
U00574,FAS025,view,1.0,2024-09-06
U00575,FAS057,view,1.0,2022-03-26
U00575,FAS002,view,1.0,2022-04-07
U00575,FAS050,watchlist,2.0,2022-07-24
U00575,FAS059,watchlist,2.0,2022-11-02
U00575,FAS037,buy,4.0,2022-11-27
U00575,FAS049,buy,4.0,2022-12-17
U00575,FAS019,buy,4.0,2023-03-01
U00575,FAS026,watchlist,2.0,2023-05-09
U00575,FAS008,watchlist,2.0,2023-06-14
U00575,FAS028,buy,4.0,2023-06-17
U00575,FAS014,watchlist,2.0,2023-07-25
U00575,FAS001,buy,4.0,2023-11-09
U00575,FAS025,view,1.0,2023-11-16
U00575,FAS051,watchlist,2.0,2024-02-24
U00575,FAS047,view,1.0,2024-03-31
U00575,FAS044,watchlist,2.0,2024-08-22
U00576,FAS006,buy,4.0,2022-02-21
U00576,FAS023,buy,4.0,2022-03-23
U00576,FAS059,watchlist,2.0,2022-08-15
U00576,FAS050,watchlist,2.0,2022-09-09
U00576,FAS002,watchlist,2.0,2022-10-24
U00576,FAS021,watchlist,2.0,2022-12-31
U00576,FAS060,watchlist,2.0,2023-03-20
U00576,FAS042,buy,4.0,2023-04-07
U00576,FAS005,view,1.0,2023-04-29
U00576,FAS046,view,1.0,2024-03-24
U00576,FAS013,buy,4.0,2024-04-02
U00576,FAS010,watchlist,2.0,2024-04-04
U00577,FAS009,view,1.0,2022-03-12
U00577,FAS035,buy,4.0,2022-03-15
U00577,FAS036,watchlist,2.0,2022-04-13
U00577,FAS027,watchlist,2.0,2022-05-21
U00577,FAS019,view,1.0,2022-09-09
U00577,FAS052,view,1.0,2023-03-08
U00577,FAS022,watchlist,2.0,2023-04-11
U00577,FAS039,watchlist,2.0,2023-04-30
U00577,FAS001,view,1.0,2023-08-06
U00577,FAS032,watchlist,2.0,2023-09-03
U00577,FAS040,watchlist,2.0,2023-11-16
U00577,FAS014,view,1.0,2023-12-02
U00577,FAS059,watchlist,2.0,2024-02-04
U00577,FAS041,watchlist,2.0,2024-03-24
U00577,FAS030,watchlist,2.0,2024-06-08
U00577,FAS012,view,1.0,2024-06-29
U00578,FAS013,view,1.0,2022-03-24
U00578,FAS052,view,1.0,2022-08-25
U00578,FAS039,buy,4.0,2022-09-03
U00578,FAS041,view,1.0,2022-10-11
U00578,FAS022,watchlist,2.0,2022-11-29
U00578,FAS009,watchlist,2.0,2023-01-14
U00578,FAS004,watchlist,2.0,2023-08-12
U00578,FAS042,watchlist,2.0,2023-12-26
U00578,FAS001,view,1.0,2024-04-25
U00579,FAS019,watchlist,2.0,2022-03-02
U00579,FAS003,watchlist,2.0,2022-05-18
U00579,FAS013,view,1.0,2022-07-04
U00579,FAS042,view,1.0,2022-08-01
U00579,FAS029,buy,4.0,2022-11-10
U00579,FAS033,view,1.0,2023-03-16
U00579,FAS046,watchlist,2.0,2023-03-29
U00579,FAS016,watchlist,2.0,2023-07-18
U00579,FAS021,watchlist,2.0,2023-10-29
U00579,FAS002,view,1.0,2024-01-11
U00579,FAS038,view,1.0,2024-01-31
U00579,FAS023,view,1.0,2024-02-27
U00579,FAS054,view,1.0,2024-04-14
U00579,FAS044,buy,4.0,2024-05-21
U00579,FAS026,view,1.0,2024-07-11
U00580,FAS025,watchlist,2.0,2022-01-05
U00580,FAS050,view,1.0,2022-07-30
U00580,FAS029,watchlist,2.0,2022-08-28
U00580,FAS003,watchlist,2.0,2022-08-30
U00580,FAS037,view,1.0,2022-10-06
U00580,FAS046,watchlist,2.0,2022-10-10
U00580,FAS012,view,1.0,2023-03-05
U00580,FAS048,watchlist,2.0,2023-09-16
U00580,FAS027,buy,4.0,2024-01-05
U00580,FAS021,view,1.0,2024-02-12
U00580,FAS059,buy,4.0,2024-02-28
U00580,FAS015,watchlist,2.0,2024-03-05
U00580,FAS005,buy,4.0,2024-03-21
U00581,FAS022,buy,4.0,2022-11-29
U00581,FAS037,buy,4.0,2022-12-16
U00581,FAS044,buy,4.0,2023-03-11
U00581,FAS042,watchlist,2.0,2023-05-28
U00581,FAS045,watchlist,2.0,2023-05-30
U00581,FAS047,buy,4.0,2023-10-31
U00581,FAS021,view,1.0,2023-11-04
U00581,FAS050,watchlist,2.0,2023-12-27
U00581,FAS013,watchlist,2.0,2024-05-13
U00581,FAS043,view,1.0,2024-06-09
U00581,FAS035,watchlist,2.0,2024-09-14
U00582,FAS033,watchlist,2.0,2022-02-11
U00582,FAS001,view,1.0,2022-04-27
U00582,FAS044,watchlist,2.0,2022-08-06
U00582,FAS018,watchlist,2.0,2023-08-13
U00582,FAS022,view,1.0,2023-08-26
U00582,FAS037,view,1.0,2023-10-22
U00582,FAS054,buy,4.0,2023-10-26
U00582,FAS045,view,1.0,2023-12-04
U00582,FAS036,view,1.0,2023-12-09
U00582,FAS052,watchlist,2.0,2024-01-29
U00583,FAS026,view,1.0,2022-01-26
U00583,FAS056,watchlist,2.0,2022-04-01
U00583,FAS039,watchlist,2.0,2022-05-11
U00583,FAS049,view,1.0,2022-06-24
U00583,FAS018,buy,4.0,2022-11-14
U00583,FAS003,view,1.0,2022-11-28
U00583,FAS014,buy,4.0,2023-07-17
U00583,FAS001,buy,4.0,2024-05-01
U00584,FAS004,view,1.0,2022-04-05
U00584,FAS058,watchlist,2.0,2023-03-24
U00584,FAS050,view,1.0,2023-08-24
U00584,FAS016,watchlist,2.0,2023-08-27
U00584,FAS006,buy,4.0,2023-09-22
U00584,FAS007,buy,4.0,2023-11-11
U00584,FAS043,view,1.0,2024-06-02
U00584,FAS023,watchlist,2.0,2024-07-30
U00585,FAS028,watchlist,2.0,2022-03-01
U00585,FAS050,buy,4.0,2022-03-12
U00585,FAS048,view,1.0,2022-07-13
U00585,FAS005,view,1.0,2022-07-26
U00585,FAS014,buy,4.0,2022-09-19
U00585,FAS037,watchlist,2.0,2022-10-13
U00585,FAS039,watchlist,2.0,2022-12-20
U00585,FAS055,watchlist,2.0,2022-12-27
U00585,FAS057,view,1.0,2023-03-25
U00585,FAS054,watchlist,2.0,2023-05-06
U00585,FAS032,view,1.0,2023-06-07
U00585,FAS052,watchlist,2.0,2023-08-25
U00585,FAS020,buy,4.0,2024-02-03
U00585,FAS027,view,1.0,2024-04-23
U00585,FAS022,watchlist,2.0,2024-06-07
U00585,FAS023,watchlist,2.0,2024-08-05
U00586,FAS009,view,1.0,2022-09-10
U00586,FAS034,buy,4.0,2022-10-18
U00586,FAS018,view,1.0,2023-02-27
U00586,FAS032,view,1.0,2023-03-25
U00586,FAS040,watchlist,2.0,2023-03-31
U00586,FAS030,buy,4.0,2023-05-31
U00586,FAS037,view,1.0,2023-06-07
U00586,FAS056,watchlist,2.0,2023-06-22
U00586,FAS001,view,1.0,2023-09-07
U00586,FAS033,view,1.0,2024-03-17
U00586,FAS059,view,1.0,2024-05-08
U00586,FAS023,watchlist,2.0,2024-06-06
U00586,FAS036,watchlist,2.0,2024-06-30
U00586,FAS052,buy,4.0,2024-07-09
U00587,FAS039,view,1.0,2022-08-22
U00587,FAS028,watchlist,2.0,2022-09-09
U00587,FAS053,buy,4.0,2023-02-08
U00587,FAS050,view,1.0,2023-08-21
U00587,FAS044,watchlist,2.0,2023-09-21
U00587,FAS046,view,1.0,2023-11-18
U00587,FAS049,watchlist,2.0,2024-01-13
U00588,FAS047,view,1.0,2022-01-25
U00588,FAS027,view,1.0,2022-02-08
U00588,FAS003,watchlist,2.0,2022-02-25
U00588,FAS015,watchlist,2.0,2022-04-28
U00588,FAS039,view,1.0,2022-08-13
U00588,FAS002,view,1.0,2022-08-16
U00588,FAS042,buy,4.0,2022-10-15
U00588,FAS008,view,1.0,2022-11-22
U00588,FAS040,watchlist,2.0,2022-12-22
U00588,FAS022,watchlist,2.0,2023-01-07
U00588,FAS017,buy,4.0,2023-02-07
U00588,FAS059,buy,4.0,2023-09-03
U00588,FAS029,view,1.0,2023-10-09
U00588,FAS041,watchlist,2.0,2023-10-18
U00588,FAS035,view,1.0,2023-11-17
U00588,FAS013,buy,4.0,2024-03-10
U00589,FAS053,view,1.0,2022-07-20
U00589,FAS005,watchlist,2.0,2022-09-27
U00589,FAS002,view,1.0,2022-11-02
U00589,FAS029,watchlist,2.0,2023-02-18
U00589,FAS023,view,1.0,2023-05-03
U00589,FAS049,view,1.0,2023-05-31
U00589,FAS057,watchlist,2.0,2023-12-25
U00589,FAS034,watchlist,2.0,2024-01-06
U00589,FAS050,view,1.0,2024-01-08
U00589,FAS043,view,1.0,2024-02-10
U00589,FAS040,view,1.0,2024-04-03
U00589,FAS021,watchlist,2.0,2024-05-17
U00589,FAS015,view,1.0,2024-09-24
U00589,FAS009,view,1.0,2024-10-09
U00590,FAS021,buy,4.0,2022-09-20
U00590,FAS016,watchlist,2.0,2022-12-10
U00590,FAS013,watchlist,2.0,2023-03-17
U00590,FAS055,view,1.0,2023-05-04
U00590,FAS028,view,1.0,2023-07-14
U00590,FAS044,buy,4.0,2024-08-14
U00590,FAS007,watchlist,2.0,2024-09-12
U00591,FAS015,watchlist,2.0,2022-05-01
U00591,FAS007,watchlist,2.0,2022-10-03
U00591,FAS051,view,1.0,2022-10-12
U00591,FAS004,view,1.0,2022-11-26
U00591,FAS047,view,1.0,2023-05-11
U00591,FAS043,view,1.0,2023-07-20
U00591,FAS057,view,1.0,2023-08-07
U00591,FAS026,view,1.0,2023-09-08
U00591,FAS037,buy,4.0,2023-09-11
U00591,FAS049,buy,4.0,2023-11-13
U00591,FAS053,watchlist,2.0,2023-11-22
U00591,FAS030,view,1.0,2024-04-06
U00591,FAS035,watchlist,2.0,2024-05-09
U00592,FAS039,watchlist,2.0,2022-03-15
U00592,FAS044,watchlist,2.0,2022-10-25
U00592,FAS034,view,1.0,2022-11-17
U00592,FAS003,watchlist,2.0,2023-07-05
U00592,FAS022,watchlist,2.0,2023-09-29
U00592,FAS021,buy,4.0,2024-02-18
U00592,FAS050,buy,4.0,2024-10-09
U00593,FAS039,watchlist,2.0,2022-06-03
U00593,FAS043,watchlist,2.0,2022-06-24
U00593,FAS024,buy,4.0,2022-11-14
U00593,FAS022,buy,4.0,2023-10-01
U00593,FAS021,view,1.0,2023-11-18
U00593,FAS047,view,1.0,2023-12-01
U00593,FAS060,watchlist,2.0,2024-05-11
U00593,FAS018,view,1.0,2024-07-29
U00593,FAS059,view,1.0,2024-08-01
U00593,FAS029,view,1.0,2024-09-17
U00594,FAS048,view,1.0,2022-09-18
U00594,FAS030,buy,4.0,2022-09-20
U00594,FAS044,view,1.0,2023-03-29
U00594,FAS059,view,1.0,2023-07-13
U00594,FAS015,buy,4.0,2023-07-23
U00594,FAS049,buy,4.0,2024-02-11
U00595,FAS030,watchlist,2.0,2022-05-14
U00595,FAS040,view,1.0,2022-10-11
U00595,FAS046,watchlist,2.0,2023-03-12
U00595,FAS060,view,1.0,2023-03-17
U00595,FAS049,watchlist,2.0,2023-03-30
U00595,FAS010,watchlist,2.0,2023-06-20
U00596,FAS050,view,1.0,2022-02-01
U00596,FAS022,watchlist,2.0,2022-08-27
U00596,FAS019,watchlist,2.0,2023-02-07
U00596,FAS037,view,1.0,2023-06-28
U00596,FAS040,buy,4.0,2023-07-20
U00596,FAS042,view,1.0,2023-08-08
U00596,FAS027,watchlist,2.0,2023-09-19
U00596,FAS055,watchlist,2.0,2023-10-05
U00597,FAS001,view,1.0,2022-08-18
U00597,FAS047,watchlist,2.0,2022-11-27
U00597,FAS006,view,1.0,2023-04-19
U00597,FAS010,buy,4.0,2023-05-20
U00597,FAS034,view,1.0,2023-07-24
U00597,FAS022,watchlist,2.0,2023-07-31
U00597,FAS059,buy,4.0,2023-10-31
U00597,FAS007,view,1.0,2024-07-19
U00597,FAS005,buy,4.0,2024-09-17
U00597,FAS045,view,1.0,2024-10-24
U00598,FAS030,watchlist,2.0,2022-02-07
U00598,FAS021,view,1.0,2022-09-04
U00598,FAS013,view,1.0,2023-01-14
U00598,FAS034,view,1.0,2023-06-19
U00598,FAS042,watchlist,2.0,2023-08-17
U00598,FAS011,buy,4.0,2023-10-14
U00598,FAS055,watchlist,2.0,2023-11-13
U00598,FAS049,buy,4.0,2024-01-11
U00598,FAS031,view,1.0,2024-02-12
U00599,FAS045,view,1.0,2022-01-12
U00599,FAS052,view,1.0,2022-02-18
U00599,FAS024,view,1.0,2022-04-13
U00599,FAS051,view,1.0,2022-07-09
U00599,FAS005,buy,4.0,2022-09-03
U00599,FAS008,buy,4.0,2023-03-23
U00599,FAS019,view,1.0,2023-04-16
U00599,FAS032,watchlist,2.0,2023-05-22
U00599,FAS003,buy,4.0,2023-07-15
U00599,FAS057,buy,4.0,2023-10-14
U00599,FAS010,view,1.0,2023-11-05
U00599,FAS037,view,1.0,2024-06-04
U00599,FAS058,watchlist,2.0,2024-06-11
U00600,FAS009,view,1.0,2022-01-27
U00600,FAS058,buy,4.0,2022-05-17
U00600,FAS014,view,1.0,2022-06-15
U00600,FAS017,view,1.0,2022-09-05
U00600,FAS048,watchlist,2.0,2022-09-07
U00600,FAS059,watchlist,2.0,2023-01-14
U00600,FAS053,buy,4.0,2023-02-18
U00600,FAS035,buy,4.0,2023-04-16
U00600,FAS018,buy,4.0,2023-05-09
U00600,FAS013,buy,4.0,2023-05-19
U00600,FAS037,watchlist,2.0,2023-07-11
U00600,FAS055,watchlist,2.0,2023-08-06
U00600,FAS033,watchlist,2.0,2023-08-27
U00600,FAS007,watchlist,2.0,2023-09-01
